{
  "nodes": 200,
  "edges": 1302,
  "avg_degree": 13.02,
  "degree": {
    "mean": 13.02,
    "std": 3.939492353083072,
    "p50": 13.0,
    "p90": 18.0,
    "gini": 0.17296850998463903,
    "assortativity": 0.15956320332113547
  },
  "kcore": {
    "kmax": 9,
    "kmax_core_size": 0
  },
  "components": {
    "count": 1,
    "sizes": [
      200
    ],
    "giant_ratio": 1.0,
    "largest_component": 200
  },
  "edge_weights": {
    "mean": 0.9535333451953718,
    "std": 0.03098206629077754,
    "p50": 0.9571568965911865,
    "p90": 0.9890743494033813
  },
  "edge_types": {
    "knn": 1302,
    "temporal": 0,
    "other": 0
  },
  "clustering_coeff": 0.33002354584251536,
  "mutual_knn_frac": 0.6015037593984962,
  "spatial": {
    "mean_edge_len": 0.35746394818597177,
    "p10": 0.13992875563904233,
    "p25": 0.22113772412148544,
    "p50": 0.33737508635120694,
    "p75": 0.46512312327914584,
    "p90": 0.600224705921805,
    "long_edge_frac": 0.250384024577573
  },
  "community": {
    "method": "label_prop",
    "count": 1,
    "size_p90": 200.0,
    "modularity": -0.5
  },
  "goal_alignment": {
    "mean": 0.0,
    "median": 0.0,
    "p90": 0.0,
    "count": 200
  },
  "metric_columns": {
    "hrm.aggregate": {
      "mean": 0.0,
      "p90": 0.0,
      "count": 200
    },
    "sicql.aggregate": {
      "mean": 100.0,
      "p90": 100.0,
      "count": 200
    },
    "sicql.clarity.attr.advantage": {
      "mean": -1.5428903579711915,
      "p90": -1.3607902526855469,
      "count": 200
    },
    "sicql.clarity.attr.energy": {
      "mean": 46.21941358566284,
      "p90": 51.88263702392578,
      "count": 200
    },
    "sicql.clarity.attr.entropy": {
      "mean": 1.0984883046150207,
      "p90": 1.0985262393951416,
      "count": 200
    },
    "sicql.clarity.attr.policy_logits[0]": {
      "mean": -0.13101554613560437,
      "p90": -0.1055816039443016,
      "count": 200
    },
    "sicql.clarity.attr.policy_logits[1]": {
      "mean": -0.16261480525135993,
      "p90": -0.1423407644033432,
      "count": 200
    },
    "sicql.clarity.attr.policy_logits[2]": {
      "mean": -0.16492566488683225,
      "p90": -0.1437167525291443,
      "count": 200
    },
    "sicql.clarity.attr.q_value": {
      "mean": 46.21941358566284,
      "p90": 51.88263702392578,
      "count": 200
    },
    "sicql.clarity.attr.state_value": {
      "mean": 47.76230394363403,
      "p90": 53.56462860107422,
      "count": 200
    },
    "sicql.clarity.attr.uncertainty": {
      "mean": 1.5428903579711915,
      "p90": 1.6919898986816406,
      "count": 200
    },
    "sicql.clarity.score": {
      "mean": 100.0,
      "p90": 100.0,
      "count": 200
    },
    "sicql.coverage.attr.advantage": {
      "mean": -1.793945417404175,
      "p90": -1.5930442810058594,
      "count": 200
    },
    "sicql.coverage.attr.energy": {
      "mean": 47.39055028915405,
      "p90": 52.46034240722656,
      "count": 200
    },
    "sicql.coverage.attr.entropy": {
      "mean": 1.098594006896019,
      "p90": 1.0986099243164062,
      "count": 200
    },
    "sicql.coverage.attr.policy_logits[0]": {
      "mean": -0.17977054040879012,
      "p90": -0.16105492413043976,
      "count": 200
    },
    "sicql.coverage.attr.policy_logits[1]": {
      "mean": -0.16795432388782502,
      "p90": -0.14417321979999542,
      "count": 200
    },
    "sicql.coverage.attr.policy_logits[2]": {
      "mean": -0.176539618819952,
      "p90": -0.15238840878009796,
      "count": 200
    },
    "sicql.coverage.attr.q_value": {
      "mean": 47.39055028915405,
      "p90": 52.46034240722656,
      "count": 200
    },
    "sicql.coverage.attr.state_value": {
      "mean": 49.18449570655823,
      "p90": 54.405433654785156,
      "count": 200
    },
    "sicql.coverage.attr.uncertainty": {
      "mean": 1.793945417404175,
      "p90": 1.9554672241210938,
      "count": 200
    },
    "sicql.coverage.score": {
      "mean": 100.0,
      "p90": 100.0,
      "count": 200
    },
    "sicql.faithfulness.attr.advantage": {
      "mean": -2.1349060249328615,
      "p90": -1.892913818359375,
      "count": 200
    },
    "sicql.faithfulness.attr.energy": {
      "mean": 47.83095916748047,
      "p90": 55.58955383300781,
      "count": 200
    },
    "sicql.faithfulness.attr.entropy": {
      "mean": 1.0984092754125596,
      "p90": 1.0984731912612915,
      "count": 200
    },
    "sicql.faithfulness.attr.policy_logits[0]": {
      "mean": 0.3012275821715593,
      "p90": 0.3460949957370758,
      "count": 200
    },
    "sicql.faithfulness.attr.policy_logits[1]": {
      "mean": 0.2531043829768896,
      "p90": 0.29777488112449646,
      "count": 200
    },
    "sicql.faithfulness.attr.policy_logits[2]": {
      "mean": 0.28278122797608374,
      "p90": 0.3322018086910248,
      "count": 200
    },
    "sicql.faithfulness.attr.q_value": {
      "mean": 47.83095916748047,
      "p90": 55.58955383300781,
      "count": 200
    },
    "sicql.faithfulness.attr.state_value": {
      "mean": 49.96586519241333,
      "p90": 57.972145080566406,
      "count": 200
    },
    "sicql.faithfulness.attr.uncertainty": {
      "mean": 2.1349060249328615,
      "p90": 2.3825912475585938,
      "count": 200
    },
    "sicql.faithfulness.score": {
      "mean": 100.0,
      "p90": 100.0,
      "count": 200
    },
    "text.avgw": {
      "mean": 6.138250083753564,
      "p90": 7.328833693304536,
      "count": 200
    },
    "text.caps_ratio": {
      "mean": 0.036419659081215416,
      "p90": 0.05178571428571429,
      "count": 200
    },
    "text.len": {
      "mean": 8555.425,
      "p90": 14995.0,
      "count": 200
    },
    "text.lines": {
      "mean": 212.45,
      "p90": 423.0,
      "count": 200
    },
    "text.punc_ratio": {
      "mean": 0.049914568928858837,
      "p90": 0.08182021968168572,
      "count": 200
    },
    "text.words": {
      "mean": 1067.68,
      "p90": 1724.0,
      "count": 200
    },
    "tiny.aggregate": {
      "mean": 0.4979499999999999,
      "p90": 0.85,
      "count": 200
    },
    "tiny.clarity.attr.agree01": {
      "mean": 0.4246426509320736,
      "p90": 0.501522421836853,
      "count": 200
    },
    "tiny.clarity.attr.aux3_p_bad": {
      "mean": 0.4389279239798816,
      "p90": 0.780705451965332,
      "count": 200
    },
    "tiny.clarity.attr.aux3_p_good": {
      "mean": 0.4353093512821943,
      "p90": 0.9999246597290039,
      "count": 200
    },
    "tiny.clarity.attr.aux3_p_mid": {
      "mean": 0.12576272999688626,
      "p90": 0.21272191405296326,
      "count": 200
    },
    "tiny.clarity.attr.certainty01": {
      "mean": 0.9728363445401191,
      "p90": 0.9933071732521057,
      "count": 200
    },
    "tiny.clarity.attr.concept_sparsity": {
      "mean": 0.178466796875,
      "p90": 0.216796875,
      "count": 200
    },
    "tiny.clarity.attr.consistency_hat": {
      "mean": 0.9726271677017212,
      "p90": 0.9793856143951416,
      "count": 200
    },
    "tiny.clarity.attr.disagree_hat": {
      "mean": 0.12243873153347522,
      "p90": 0.20433583855628967,
      "count": 200
    },
    "tiny.clarity.attr.dropout": {
      "mean": 0.10000000000000007,
      "p90": 0.1,
      "count": 200
    },
    "tiny.clarity.attr.entropy": {
      "mean": 0.3454067912706523,
      "p90": 0.5699223875999451,
      "count": 200
    },
    "tiny.clarity.attr.halt_prob": {
      "mean": 0.9638937053084373,
      "p90": 0.9999982118606567,
      "count": 200
    },
    "tiny.clarity.attr.jacobian_fd": {
      "mean": 0.022690880825016392,
      "p90": 0.03298520669341087,
      "count": 200
    },
    "tiny.clarity.attr.length_norm01": {
      "mean": 0.5,
      "p90": 0.5,
      "count": 200
    },
    "tiny.clarity.attr.n_recursions": {
      "mean": 6.0,
      "p90": 6.0,
      "count": 200
    },
    "tiny.clarity.attr.ood_hat01": {
      "mean": 0.3147169502824545,
      "p90": 0.4391951560974121,
      "count": 200
    },
    "tiny.clarity.attr.raw01": {
      "mean": 0.44316171646118163,
      "p90": 0.9634507894515991,
      "count": 200
    },
    "tiny.clarity.attr.recon_sim": {
      "mean": 0.90565057605505,
      "p90": 0.9423730373382568,
      "count": 200
    },
    "tiny.clarity.attr.scm.aggregate01": {
      "mean": 0.8517834692326663,
      "p90": 0.9073959789471701,
      "count": 200
    },
    "tiny.clarity.attr.scm.agree_hat01": {
      "mean": 0.4246426509320736,
      "p90": 0.501522421836853,
      "count": 200
    },
    "tiny.clarity.attr.scm.clarity.score01": {
      "mean": 0.7750614715504036,
      "p90": 0.9950442745001056,
      "count": 200
    },
    "tiny.clarity.attr.scm.consistency01": {
      "mean": 0.9726271677017212,
      "p90": 0.9793856143951416,
      "count": 200
    },
    "tiny.clarity.attr.scm.coverage.score01": {
      "mean": 0.6605212565660478,
      "p90": 0.6840416193008423,
      "count": 200
    },
    "tiny.clarity.attr.scm.faithfulness.score01": {
      "mean": 0.9391807072460648,
      "p90": 0.9606199026107787,
      "count": 200
    },
    "tiny.clarity.attr.scm.knowledge.score01": {
      "mean": 0.9662624417245386,
      "p90": 0.9799270987510682,
      "count": 200
    },
    "tiny.clarity.attr.scm.length_norm01": {
      "mean": 0.0,
      "p90": 0.0,
      "count": 200
    },
    "tiny.clarity.attr.scm.ood_hat01": {
      "mean": 0.0,
      "p90": 0.0,
      "count": 200
    },
    "tiny.clarity.attr.scm.reasoning.score01": {
      "mean": 0.9178914690762758,
      "p90": 0.933062881231308,
      "count": 200
    },
    "tiny.clarity.attr.scm.temp01": {
      "mean": 0.9994188225269318,
      "p90": 1.0,
      "count": 200
    },
    "tiny.clarity.attr.scm.uncertainty01": {
      "mean": 0.02716365545988083,
      "p90": 0.04209858179092407,
      "count": 200
    },
    "tiny.clarity.attr.sens01": {
      "mean": 0.6057017989456653,
      "p90": 0.831838846206665,
      "count": 200
    },
    "tiny.clarity.attr.temp01": {
      "mean": 0.9994188225269318,
      "p90": 1.0,
      "count": 200
    },
    "tiny.clarity.attr.tiny.clarity": {
      "mean": 0.7750614715504036,
      "p90": 0.9950442745001056,
      "count": 200
    },
    "tiny.clarity.attr.tiny.clarity.score01": {
      "mean": 0.7750614715504036,
      "p90": 0.9950442745001056,
      "count": 200
    },
    "tiny.clarity.attr.tiny.clarity.score100": {
      "mean": 77.5061505,
      "p90": 99.5044,
      "count": 200
    },
    "tiny.clarity.attr.tiny.coverage": {
      "mean": 0.6605212565660478,
      "p90": 0.6840416193008423,
      "count": 200
    },
    "tiny.clarity.attr.tiny.coverage.score01": {
      "mean": 0.6605212565660478,
      "p90": 0.6840416193008423,
      "count": 200
    },
    "tiny.clarity.attr.tiny.coverage.score100": {
      "mean": 66.05212750000004,
      "p90": 68.4042,
      "count": 200
    },
    "tiny.clarity.attr.tiny.faithfulness": {
      "mean": 0.9391807072460648,
      "p90": 0.9606199026107787,
      "count": 200
    },
    "tiny.clarity.attr.tiny.faithfulness.score01": {
      "mean": 0.9391807072460648,
      "p90": 0.9606199026107787,
      "count": 200
    },
    "tiny.clarity.attr.tiny.faithfulness.score100": {
      "mean": 93.9180725,
      "p90": 96.062,
      "count": 200
    },
    "tiny.clarity.attr.tiny.knowledge": {
      "mean": 0.9662624417245386,
      "p90": 0.9799270987510682,
      "count": 200
    },
    "tiny.clarity.attr.tiny.knowledge.score01": {
      "mean": 0.9662624417245386,
      "p90": 0.9799270987510682,
      "count": 200
    },
    "tiny.clarity.attr.tiny.knowledge.score100": {
      "mean": 96.62624649999998,
      "p90": 97.9927,
      "count": 200
    },
    "tiny.clarity.attr.tiny.reasoning": {
      "mean": 0.9178914690762758,
      "p90": 0.933062881231308,
      "count": 200
    },
    "tiny.clarity.attr.tiny.reasoning.score01": {
      "mean": 0.9178914690762758,
      "p90": 0.933062881231308,
      "count": 200
    },
    "tiny.clarity.attr.tiny.reasoning.score100": {
      "mean": 91.78914750000008,
      "p90": 93.3063,
      "count": 200
    },
    "tiny.clarity.attr.tiny.score01": {
      "mean": 0.44316171646118163,
      "p90": 0.9634507894515991,
      "count": 200
    },
    "tiny.clarity.attr.tiny.score100": {
      "mean": 44.316171999999995,
      "p90": 96.3451,
      "count": 200
    },
    "tiny.clarity.attr.use_attention": {
      "mean": 0.0,
      "p90": 0.0,
      "count": 200
    },
    "tiny.clarity.attr.values[0]": {
      "mean": 0.44316171646118163,
      "p90": 0.9634507894515991,
      "count": 200
    },
    "tiny.clarity.attr.values[10]": {
      "mean": 0.8517834692326663,
      "p90": 0.9073959789471701,
      "count": 200
    },
    "tiny.clarity.attr.values[11]": {
      "mean": 0.02716365545988083,
      "p90": 0.04209858179092407,
      "count": 200
    },
    "tiny.clarity.attr.values[12]": {
      "mean": 0.0,
      "p90": 0.0,
      "count": 200
    },
    "tiny.clarity.attr.values[13]": {
      "mean": 0.9726271677017212,
      "p90": 0.9793856143951416,
      "count": 200
    },
    "tiny.clarity.attr.values[14]": {
      "mean": 0.0,
      "p90": 0.0,
      "count": 200
    },
    "tiny.clarity.attr.values[15]": {
      "mean": 0.9994188225269318,
      "p90": 1.0,
      "count": 200
    },
    "tiny.clarity.attr.values[1]": {
      "mean": 44.316171999999995,
      "p90": 96.3451,
      "count": 200
    },
    "tiny.clarity.attr.values[2]": {
      "mean": 0.9728363445401191,
      "p90": 0.9933071732521057,
      "count": 200
    },
    "tiny.clarity.attr.values[3]": {
      "mean": 0.3454067912706523,
      "p90": 0.5699223875999451,
      "count": 200
    },
    "tiny.clarity.attr.values[4]": {
      "mean": 0.9638937053084373,
      "p90": 0.9999982118606567,
      "count": 200
    },
    "tiny.clarity.attr.values[5]": {
      "mean": 0.9178914690762758,
      "p90": 0.933062881231308,
      "count": 200
    },
    "tiny.clarity.attr.values[6]": {
      "mean": 0.9662624417245386,
      "p90": 0.9799270987510682,
      "count": 200
    },
    "tiny.clarity.attr.values[7]": {
      "mean": 0.7750614715504036,
      "p90": 0.9950442745001056,
      "count": 200
    },
    "tiny.clarity.attr.values[8]": {
      "mean": 0.9391807072460648,
      "p90": 0.9606199026107787,
      "count": 200
    },
    "tiny.clarity.attr.values[9]": {
      "mean": 0.6605212565660478,
      "p90": 0.6840416193008423,
      "count": 200
    },
    "tiny.clarity.attr.vector.scm.aggregate01": {
      "mean": 0.8517834692326663,
      "p90": 0.9073959789471701,
      "count": 200
    },
    "tiny.clarity.attr.vector.scm.agree_hat01": {
      "mean": 0.4246426509320736,
      "p90": 0.501522421836853,
      "count": 200
    },
    "tiny.clarity.attr.vector.scm.clarity.score01": {
      "mean": 0.7750614715504036,
      "p90": 0.9950442745001056,
      "count": 200
    },
    "tiny.clarity.attr.vector.scm.consistency01": {
      "mean": 0.9726271677017212,
      "p90": 0.9793856143951416,
      "count": 200
    },
    "tiny.clarity.attr.vector.scm.coverage.score01": {
      "mean": 0.6605212565660478,
      "p90": 0.6840416193008423,
      "count": 200
    },
    "tiny.clarity.attr.vector.scm.faithfulness.score01": {
      "mean": 0.9391807072460648,
      "p90": 0.9606199026107787,
      "count": 200
    },
    "tiny.clarity.attr.vector.scm.knowledge.score01": {
      "mean": 0.9662624417245386,
      "p90": 0.9799270987510682,
      "count": 200
    },
    "tiny.clarity.attr.vector.scm.length_norm01": {
      "mean": 0.0,
      "p90": 0.0,
      "count": 200
    },
    "tiny.clarity.attr.vector.scm.ood_hat01": {
      "mean": 0.0,
      "p90": 0.0,
      "count": 200
    },
    "tiny.clarity.attr.vector.scm.reasoning.score01": {
      "mean": 0.9178914690762758,
      "p90": 0.933062881231308,
      "count": 200
    },
    "tiny.clarity.attr.vector.scm.temp01": {
      "mean": 0.9994188225269318,
      "p90": 1.0,
      "count": 200
    },
    "tiny.clarity.attr.vector.scm.uncertainty01": {
      "mean": 0.02716365545988083,
      "p90": 0.04209858179092407,
      "count": 200
    },
    "tiny.clarity.attr.vector.tiny.certainty01": {
      "mean": 0.9728363445401191,
      "p90": 0.9933071732521057,
      "count": 200
    },
    "tiny.clarity.attr.vector.tiny.clarity": {
      "mean": 0.7750614715504036,
      "p90": 0.9950442745001056,
      "count": 200
    },
    "tiny.clarity.attr.vector.tiny.clarity.score01": {
      "mean": 0.7750614715504036,
      "p90": 0.9950442745001056,
      "count": 200
    },
    "tiny.clarity.attr.vector.tiny.clarity.score100": {
      "mean": 77.5061505,
      "p90": 99.5044,
      "count": 200
    },
    "tiny.clarity.attr.vector.tiny.coverage": {
      "mean": 0.6605212565660478,
      "p90": 0.6840416193008423,
      "count": 200
    },
    "tiny.clarity.attr.vector.tiny.coverage.score01": {
      "mean": 0.6605212565660478,
      "p90": 0.6840416193008423,
      "count": 200
    },
    "tiny.clarity.attr.vector.tiny.coverage.score100": {
      "mean": 66.05212750000004,
      "p90": 68.4042,
      "count": 200
    },
    "tiny.clarity.attr.vector.tiny.entropy_mean": {
      "mean": 0.3454067912706523,
      "p90": 0.5699223875999451,
      "count": 200
    },
    "tiny.clarity.attr.vector.tiny.faithfulness": {
      "mean": 0.9391807072460648,
      "p90": 0.9606199026107787,
      "count": 200
    },
    "tiny.clarity.attr.vector.tiny.faithfulness.score01": {
      "mean": 0.9391807072460648,
      "p90": 0.9606199026107787,
      "count": 200
    },
    "tiny.clarity.attr.vector.tiny.faithfulness.score100": {
      "mean": 93.9180725,
      "p90": 96.062,
      "count": 200
    },
    "tiny.clarity.attr.vector.tiny.halt_prob": {
      "mean": 0.9638937053084373,
      "p90": 0.9999982118606567,
      "count": 200
    },
    "tiny.clarity.attr.vector.tiny.knowledge": {
      "mean": 0.9662624417245386,
      "p90": 0.9799270987510682,
      "count": 200
    },
    "tiny.clarity.attr.vector.tiny.knowledge.score01": {
      "mean": 0.9662624417245386,
      "p90": 0.9799270987510682,
      "count": 200
    },
    "tiny.clarity.attr.vector.tiny.knowledge.score100": {
      "mean": 96.62624649999998,
      "p90": 97.9927,
      "count": 200
    },
    "tiny.clarity.attr.vector.tiny.reasoning": {
      "mean": 0.9178914690762758,
      "p90": 0.933062881231308,
      "count": 200
    },
    "tiny.clarity.attr.vector.tiny.reasoning.score01": {
      "mean": 0.9178914690762758,
      "p90": 0.933062881231308,
      "count": 200
    },
    "tiny.clarity.attr.vector.tiny.reasoning.score100": {
      "mean": 91.78914750000008,
      "p90": 93.3063,
      "count": 200
    },
    "tiny.clarity.attr.vector.tiny.score01": {
      "mean": 0.44316171646118163,
      "p90": 0.9634507894515991,
      "count": 200
    },
    "tiny.clarity.attr.vector.tiny.score100": {
      "mean": 44.316171999999995,
      "p90": 96.3451,
      "count": 200
    },
    "tiny.clarity.score": {
      "mean": 0.44316171646118163,
      "p90": 0.9634507894515991,
      "count": 200
    },
    "tiny.coverage.attr.agree01": {
      "mean": 0.5326815880835056,
      "p90": 0.584263801574707,
      "count": 200
    },
    "tiny.coverage.attr.aux3_p_bad": {
      "mean": 0.4806437409427599,
      "p90": 0.9678053855895996,
      "count": 200
    },
    "tiny.coverage.attr.aux3_p_good": {
      "mean": 0.4624420466378797,
      "p90": 0.9973865151405334,
      "count": 200
    },
    "tiny.coverage.attr.aux3_p_mid": {
      "mean": 0.05691421435039956,
      "p90": 0.14626134932041168,
      "count": 200
    },
    "tiny.coverage.attr.certainty01": {
      "mean": 0.9789973270893096,
      "p90": 0.9933071732521057,
      "count": 200
    },
    "tiny.coverage.attr.concept_sparsity": {
      "mean": 0.29298828125,
      "p90": 0.33203125,
      "count": 200
    },
    "tiny.coverage.attr.consistency_hat": {
      "mean": 0.9478338304162025,
      "p90": 0.9853969216346741,
      "count": 200
    },
    "tiny.coverage.attr.disagree_hat": {
      "mean": 0.14273532790131868,
      "p90": 0.2501771152019501,
      "count": 200
    },
    "tiny.coverage.attr.dropout": {
      "mean": 0.10000000000000007,
      "p90": 0.1,
      "count": 200
    },
    "tiny.coverage.attr.entropy": {
      "mean": 0.20797828751150518,
      "p90": 0.517164409160614,
      "count": 200
    },
    "tiny.coverage.attr.halt_prob": {
      "mean": 0.9739639034867287,
      "p90": 0.9992848038673401,
      "count": 200
    },
    "tiny.coverage.attr.jacobian_fd": {
      "mean": 0.019318941384879055,
      "p90": 0.04685073718428612,
      "count": 200
    },
    "tiny.coverage.attr.length_norm01": {
      "mean": 0.5,
      "p90": 0.5,
      "count": 200
    },
    "tiny.coverage.attr.n_recursions": {
      "mean": 6.0,
      "p90": 6.0,
      "count": 200
    },
    "tiny.coverage.attr.ood_hat01": {
      "mean": 0.30492389768362044,
      "p90": 0.33415552973747253,
      "count": 200
    },
    "tiny.coverage.attr.raw01": {
      "mean": 0.4822455420065671,
      "p90": 0.9212954640388489,
      "count": 200
    },
    "tiny.coverage.attr.recon_sim": {
      "mean": 0.9020274618268013,
      "p90": 0.9491182565689087,
      "count": 200
    },
    "tiny.coverage.attr.scm.aggregate01": {
      "mean": 0.8542555687108954,
      "p90": 0.9225723942148033,
      "count": 200
    },
    "tiny.coverage.attr.scm.agree_hat01": {
      "mean": 0.5326815880835056,
      "p90": 0.584263801574707,
      "count": 200
    },
    "tiny.coverage.attr.scm.clarity.score01": {
      "mean": 0.7492448956118604,
      "p90": 0.9964054764946924,
      "count": 200
    },
    "tiny.coverage.attr.scm.consistency01": {
      "mean": 0.9478338304162025,
      "p90": 0.9853969216346741,
      "count": 200
    },
    "tiny.coverage.attr.scm.coverage.score01": {
      "mean": 0.7087942433357237,
      "p90": 0.7301353693008423,
      "count": 200
    },
    "tiny.coverage.attr.scm.faithfulness.score01": {
      "mean": 0.931163345456124,
      "p90": 0.9670699715614319,
      "count": 200
    },
    "tiny.coverage.attr.scm.knowledge.score01": {
      "mean": 0.9664077039659024,
      "p90": 0.9825556814670563,
      "count": 200
    },
    "tiny.coverage.attr.scm.length_norm01": {
      "mean": 0.0,
      "p90": 0.0,
      "count": 200
    },
    "tiny.coverage.attr.scm.ood_hat01": {
      "mean": 0.0,
      "p90": 0.0,
      "count": 200
    },
    "tiny.coverage.attr.scm.reasoning.score01": {
      "mean": 0.9156676551848651,
      "p90": 0.9390014171600343,
      "count": 200
    },
    "tiny.coverage.attr.scm.temp01": {
      "mean": 0.9985831499099731,
      "p90": 0.9999967813491821,
      "count": 200
    },
    "tiny.coverage.attr.scm.uncertainty01": {
      "mean": 0.021002672910690308,
      "p90": 0.046642184257507324,
      "count": 200
    },
    "tiny.coverage.attr.sens01": {
      "mean": 0.5263425181806087,
      "p90": 0.7589674592018127,
      "count": 200
    },
    "tiny.coverage.attr.temp01": {
      "mean": 0.9985831499099731,
      "p90": 0.9999967813491821,
      "count": 200
    },
    "tiny.coverage.attr.tiny.clarity": {
      "mean": 0.7492448956118604,
      "p90": 0.9964054764946924,
      "count": 200
    },
    "tiny.coverage.attr.tiny.clarity.score01": {
      "mean": 0.7492448956118604,
      "p90": 0.9964054764946924,
      "count": 200
    },
    "tiny.coverage.attr.tiny.clarity.score100": {
      "mean": 74.92448649999997,
      "p90": 99.6405,
      "count": 200
    },
    "tiny.coverage.attr.tiny.coverage": {
      "mean": 0.7087942433357237,
      "p90": 0.7301353693008423,
      "count": 200
    },
    "tiny.coverage.attr.tiny.coverage.score01": {
      "mean": 0.7087942433357237,
      "p90": 0.7301353693008423,
      "count": 200
    },
    "tiny.coverage.attr.tiny.coverage.score100": {
      "mean": 70.879424,
      "p90": 73.0135,
      "count": 200
    },
    "tiny.coverage.attr.tiny.faithfulness": {
      "mean": 0.931163345456124,
      "p90": 0.9670699715614319,
      "count": 200
    },
    "tiny.coverage.attr.tiny.faithfulness.score01": {
      "mean": 0.931163345456124,
      "p90": 0.9670699715614319,
      "count": 200
    },
    "tiny.coverage.attr.tiny.faithfulness.score100": {
      "mean": 93.11633549999999,
      "p90": 96.707,
      "count": 200
    },
    "tiny.coverage.attr.tiny.knowledge": {
      "mean": 0.9664077039659024,
      "p90": 0.9825556814670563,
      "count": 200
    },
    "tiny.coverage.attr.tiny.knowledge.score01": {
      "mean": 0.9664077039659024,
      "p90": 0.9825556814670563,
      "count": 200
    },
    "tiny.coverage.attr.tiny.knowledge.score100": {
      "mean": 96.64076850000004,
      "p90": 98.2556,
      "count": 200
    },
    "tiny.coverage.attr.tiny.reasoning": {
      "mean": 0.9156676551848651,
      "p90": 0.9390014171600343,
      "count": 200
    },
    "tiny.coverage.attr.tiny.reasoning.score01": {
      "mean": 0.9156676551848651,
      "p90": 0.9390014171600343,
      "count": 200
    },
    "tiny.coverage.attr.tiny.reasoning.score100": {
      "mean": 91.56676550000002,
      "p90": 93.9001,
      "count": 200
    },
    "tiny.coverage.attr.tiny.score01": {
      "mean": 0.4822455420065671,
      "p90": 0.9212954640388489,
      "count": 200
    },
    "tiny.coverage.attr.tiny.score100": {
      "mean": 48.22455499999999,
      "p90": 92.1295,
      "count": 200
    },
    "tiny.coverage.attr.use_attention": {
      "mean": 0.0,
      "p90": 0.0,
      "count": 200
    },
    "tiny.coverage.attr.values[0]": {
      "mean": 0.4822455420065671,
      "p90": 0.9212954640388489,
      "count": 200
    },
    "tiny.coverage.attr.values[10]": {
      "mean": 0.8542555687108954,
      "p90": 0.9225723942148033,
      "count": 200
    },
    "tiny.coverage.attr.values[11]": {
      "mean": 0.021002672910690308,
      "p90": 0.046642184257507324,
      "count": 200
    },
    "tiny.coverage.attr.values[12]": {
      "mean": 0.0,
      "p90": 0.0,
      "count": 200
    },
    "tiny.coverage.attr.values[13]": {
      "mean": 0.9478338304162025,
      "p90": 0.9853969216346741,
      "count": 200
    },
    "tiny.coverage.attr.values[14]": {
      "mean": 0.0,
      "p90": 0.0,
      "count": 200
    },
    "tiny.coverage.attr.values[15]": {
      "mean": 0.9985831499099731,
      "p90": 0.9999967813491821,
      "count": 200
    },
    "tiny.coverage.attr.values[1]": {
      "mean": 48.22455499999999,
      "p90": 92.1295,
      "count": 200
    },
    "tiny.coverage.attr.values[2]": {
      "mean": 0.9789973270893096,
      "p90": 0.9933071732521057,
      "count": 200
    },
    "tiny.coverage.attr.values[3]": {
      "mean": 0.20797828751150518,
      "p90": 0.517164409160614,
      "count": 200
    },
    "tiny.coverage.attr.values[4]": {
      "mean": 0.9739639034867287,
      "p90": 0.9992848038673401,
      "count": 200
    },
    "tiny.coverage.attr.values[5]": {
      "mean": 0.9156676551848651,
      "p90": 0.9390014171600343,
      "count": 200
    },
    "tiny.coverage.attr.values[6]": {
      "mean": 0.9664077039659024,
      "p90": 0.9825556814670563,
      "count": 200
    },
    "tiny.coverage.attr.values[7]": {
      "mean": 0.7492448956118604,
      "p90": 0.9964054764946924,
      "count": 200
    },
    "tiny.coverage.attr.values[8]": {
      "mean": 0.931163345456124,
      "p90": 0.9670699715614319,
      "count": 200
    },
    "tiny.coverage.attr.values[9]": {
      "mean": 0.7087942433357237,
      "p90": 0.7301353693008423,
      "count": 200
    },
    "tiny.coverage.attr.vector.scm.aggregate01": {
      "mean": 0.8542555687108954,
      "p90": 0.9225723942148033,
      "count": 200
    },
    "tiny.coverage.attr.vector.scm.agree_hat01": {
      "mean": 0.5326815880835056,
      "p90": 0.584263801574707,
      "count": 200
    },
    "tiny.coverage.attr.vector.scm.clarity.score01": {
      "mean": 0.7492448956118604,
      "p90": 0.9964054764946924,
      "count": 200
    },
    "tiny.coverage.attr.vector.scm.consistency01": {
      "mean": 0.9478338304162025,
      "p90": 0.9853969216346741,
      "count": 200
    },
    "tiny.coverage.attr.vector.scm.coverage.score01": {
      "mean": 0.7087942433357237,
      "p90": 0.7301353693008423,
      "count": 200
    },
    "tiny.coverage.attr.vector.scm.faithfulness.score01": {
      "mean": 0.931163345456124,
      "p90": 0.9670699715614319,
      "count": 200
    },
    "tiny.coverage.attr.vector.scm.knowledge.score01": {
      "mean": 0.9664077039659024,
      "p90": 0.9825556814670563,
      "count": 200
    },
    "tiny.coverage.attr.vector.scm.length_norm01": {
      "mean": 0.0,
      "p90": 0.0,
      "count": 200
    },
    "tiny.coverage.attr.vector.scm.ood_hat01": {
      "mean": 0.0,
      "p90": 0.0,
      "count": 200
    },
    "tiny.coverage.attr.vector.scm.reasoning.score01": {
      "mean": 0.9156676551848651,
      "p90": 0.9390014171600343,
      "count": 200
    },
    "tiny.coverage.attr.vector.scm.temp01": {
      "mean": 0.9985831499099731,
      "p90": 0.9999967813491821,
      "count": 200
    },
    "tiny.coverage.attr.vector.scm.uncertainty01": {
      "mean": 0.021002672910690308,
      "p90": 0.046642184257507324,
      "count": 200
    },
    "tiny.coverage.attr.vector.tiny.certainty01": {
      "mean": 0.9789973270893096,
      "p90": 0.9933071732521057,
      "count": 200
    },
    "tiny.coverage.attr.vector.tiny.clarity": {
      "mean": 0.7492448956118604,
      "p90": 0.9964054764946924,
      "count": 200
    },
    "tiny.coverage.attr.vector.tiny.clarity.score01": {
      "mean": 0.7492448956118604,
      "p90": 0.9964054764946924,
      "count": 200
    },
    "tiny.coverage.attr.vector.tiny.clarity.score100": {
      "mean": 74.92448649999997,
      "p90": 99.6405,
      "count": 200
    },
    "tiny.coverage.attr.vector.tiny.coverage": {
      "mean": 0.7087942433357237,
      "p90": 0.7301353693008423,
      "count": 200
    },
    "tiny.coverage.attr.vector.tiny.coverage.score01": {
      "mean": 0.7087942433357237,
      "p90": 0.7301353693008423,
      "count": 200
    },
    "tiny.coverage.attr.vector.tiny.coverage.score100": {
      "mean": 70.879424,
      "p90": 73.0135,
      "count": 200
    },
    "tiny.coverage.attr.vector.tiny.entropy_mean": {
      "mean": 0.20797828751150518,
      "p90": 0.517164409160614,
      "count": 200
    },
    "tiny.coverage.attr.vector.tiny.faithfulness": {
      "mean": 0.931163345456124,
      "p90": 0.9670699715614319,
      "count": 200
    },
    "tiny.coverage.attr.vector.tiny.faithfulness.score01": {
      "mean": 0.931163345456124,
      "p90": 0.9670699715614319,
      "count": 200
    },
    "tiny.coverage.attr.vector.tiny.faithfulness.score100": {
      "mean": 93.11633549999999,
      "p90": 96.707,
      "count": 200
    },
    "tiny.coverage.attr.vector.tiny.halt_prob": {
      "mean": 0.9739639034867287,
      "p90": 0.9992848038673401,
      "count": 200
    },
    "tiny.coverage.attr.vector.tiny.knowledge": {
      "mean": 0.9664077039659024,
      "p90": 0.9825556814670563,
      "count": 200
    },
    "tiny.coverage.attr.vector.tiny.knowledge.score01": {
      "mean": 0.9664077039659024,
      "p90": 0.9825556814670563,
      "count": 200
    },
    "tiny.coverage.attr.vector.tiny.knowledge.score100": {
      "mean": 96.64076850000004,
      "p90": 98.2556,
      "count": 200
    },
    "tiny.coverage.attr.vector.tiny.reasoning": {
      "mean": 0.9156676551848651,
      "p90": 0.9390014171600343,
      "count": 200
    },
    "tiny.coverage.attr.vector.tiny.reasoning.score01": {
      "mean": 0.9156676551848651,
      "p90": 0.9390014171600343,
      "count": 200
    },
    "tiny.coverage.attr.vector.tiny.reasoning.score100": {
      "mean": 91.56676550000002,
      "p90": 93.9001,
      "count": 200
    },
    "tiny.coverage.attr.vector.tiny.score01": {
      "mean": 0.4822455420065671,
      "p90": 0.9212954640388489,
      "count": 200
    },
    "tiny.coverage.attr.vector.tiny.score100": {
      "mean": 48.22455499999999,
      "p90": 92.1295,
      "count": 200
    },
    "tiny.coverage.score": {
      "mean": 0.4822455420065671,
      "p90": 0.9212954640388489,
      "count": 200
    },
    "tiny.faithfulness.attr.agree01": {
      "mean": 0.5980927726626396,
      "p90": 0.663747251033783,
      "count": 200
    },
    "tiny.faithfulness.attr.aux3_p_bad": {
      "mean": 0.12516420372880022,
      "p90": 0.4875609576702118,
      "count": 200
    },
    "tiny.faithfulness.attr.aux3_p_good": {
      "mean": 0.3679387571394909,
      "p90": 0.9971131086349487,
      "count": 200
    },
    "tiny.faithfulness.attr.aux3_p_mid": {
      "mean": 0.5068970349288429,
      "p90": 0.9591187834739685,
      "count": 200
    },
    "tiny.faithfulness.attr.certainty01": {
      "mean": 0.9925980374217034,
      "p90": 0.9933071732521057,
      "count": 200
    },
    "tiny.faithfulness.attr.concept_sparsity": {
      "mean": 0.23904296875,
      "p90": 0.263671875,
      "count": 200
    },
    "tiny.faithfulness.attr.consistency_hat": {
      "mean": 0.9809103006124497,
      "p90": 0.986609160900116,
      "count": 200
    },
    "tiny.faithfulness.attr.disagree_hat": {
      "mean": 0.04948251741938293,
      "p90": 0.06413226574659348,
      "count": 200
    },
    "tiny.faithfulness.attr.dropout": {
      "mean": 0.10000000000000007,
      "p90": 0.1,
      "count": 200
    },
    "tiny.faithfulness.attr.entropy": {
      "mean": 0.2999135131813819,
      "p90": 0.6290150284767151,
      "count": 200
    },
    "tiny.faithfulness.attr.halt_prob": {
      "mean": 0.9994172796607017,
      "p90": 0.9996715784072876,
      "count": 200
    },
    "tiny.faithfulness.attr.jacobian_fd": {
      "mean": 0.020063235203851944,
      "p90": 0.04434585198760033,
      "count": 200
    },
    "tiny.faithfulness.attr.length_norm01": {
      "mean": 0.5,
      "p90": 0.5,
      "count": 200
    },
    "tiny.faithfulness.attr.n_recursions": {
      "mean": 6.0,
      "p90": 6.0,
      "count": 200
    },
    "tiny.faithfulness.attr.ood_hat01": {
      "mean": 0.1592977837845683,
      "p90": 0.21872204542160034,
      "count": 200
    },
    "tiny.faithfulness.attr.raw01": {
      "mean": 0.5683010471612215,
      "p90": 0.8080484867095947,
      "count": 200
    },
    "tiny.faithfulness.attr.recon_sim": {
      "mean": 0.9310950389504433,
      "p90": 0.9584051370620728,
      "count": 200
    },
    "tiny.faithfulness.attr.scm.aggregate01": {
      "mean": 0.901715913179958,
      "p90": 0.9161025915711072,
      "count": 200
    },
    "tiny.faithfulness.attr.scm.agree_hat01": {
      "mean": 0.5980927726626396,
      "p90": 0.663747251033783,
      "count": 200
    },
    "tiny.faithfulness.attr.scm.clarity.score01": {
      "mean": 0.9335999582580898,
      "p90": 0.9949198343587341,
      "count": 200
    },
    "tiny.faithfulness.attr.scm.consistency01": {
      "mean": 0.9809103006124497,
      "p90": 0.986609160900116,
      "count": 200
    },
    "tiny.faithfulness.attr.scm.coverage.score01": {
      "mean": 0.6926564024686815,
      "p90": 0.7027916193008423,
      "count": 200
    },
    "tiny.faithfulness.attr.scm.faithfulness.score01": {
      "mean": 0.9583402171432968,
      "p90": 0.9721105337142945,
      "count": 200
    },
    "tiny.faithfulness.attr.scm.knowledge.score01": {
      "mean": 0.9778481191694738,
      "p90": 0.985952091217041,
      "count": 200
    },
    "tiny.faithfulness.attr.scm.length_norm01": {
      "mean": 0.0,
      "p90": 0.0,
      "count": 200
    },
    "tiny.faithfulness.attr.scm.ood_hat01": {
      "mean": 0.0,
      "p90": 0.0,
      "count": 200
    },
    "tiny.faithfulness.attr.scm.reasoning.score01": {
      "mean": 0.9461348688602442,
      "p90": 0.9556259870529176,
      "count": 200
    },
    "tiny.faithfulness.attr.scm.temp01": {
      "mean": 0.9999980944395065,
      "p90": 0.9999996423721313,
      "count": 200
    },
    "tiny.faithfulness.attr.scm.uncertainty01": {
      "mean": 0.007401962578296661,
      "p90": 0.008718907833099365,
      "count": 200
    },
    "tiny.faithfulness.attr.sens01": {
      "mean": 0.7128608244657516,
      "p90": 0.728600800037384,
      "count": 200
    },
    "tiny.faithfulness.attr.temp01": {
      "mean": 0.9999980944395065,
      "p90": 0.9999996423721313,
      "count": 200
    },
    "tiny.faithfulness.attr.tiny.clarity": {
      "mean": 0.9335999582580898,
      "p90": 0.9949198343587341,
      "count": 200
    },
    "tiny.faithfulness.attr.tiny.clarity.score01": {
      "mean": 0.9335999582580898,
      "p90": 0.9949198343587341,
      "count": 200
    },
    "tiny.faithfulness.attr.tiny.clarity.score100": {
      "mean": 93.36000000000006,
      "p90": 99.492,
      "count": 200
    },
    "tiny.faithfulness.attr.tiny.coverage": {
      "mean": 0.6926564024686815,
      "p90": 0.7027916193008423,
      "count": 200
    },
    "tiny.faithfulness.attr.tiny.coverage.score01": {
      "mean": 0.6926564024686815,
      "p90": 0.7027916193008423,
      "count": 200
    },
    "tiny.faithfulness.attr.tiny.coverage.score100": {
      "mean": 69.26564100000004,
      "p90": 70.2792,
      "count": 200
    },
    "tiny.faithfulness.attr.tiny.faithfulness": {
      "mean": 0.9583402171432968,
      "p90": 0.9721105337142945,
      "count": 200
    },
    "tiny.faithfulness.attr.tiny.faithfulness.score01": {
      "mean": 0.9583402171432968,
      "p90": 0.9721105337142945,
      "count": 200
    },
    "tiny.faithfulness.attr.tiny.faithfulness.score100": {
      "mean": 95.83402050000008,
      "p90": 97.2111,
      "count": 200
    },
    "tiny.faithfulness.attr.tiny.knowledge": {
      "mean": 0.9778481191694738,
      "p90": 0.985952091217041,
      "count": 200
    },
    "tiny.faithfulness.attr.tiny.knowledge.score01": {
      "mean": 0.9778481191694738,
      "p90": 0.985952091217041,
      "count": 200
    },
    "tiny.faithfulness.attr.tiny.knowledge.score100": {
      "mean": 97.784808,
      "p90": 98.5952,
      "count": 200
    },
    "tiny.faithfulness.attr.tiny.reasoning": {
      "mean": 0.9461348688602442,
      "p90": 0.9556259870529176,
      "count": 200
    },
    "tiny.faithfulness.attr.tiny.reasoning.score01": {
      "mean": 0.9461348688602442,
      "p90": 0.9556259870529176,
      "count": 200
    },
    "tiny.faithfulness.attr.tiny.reasoning.score100": {
      "mean": 94.6134885,
      "p90": 95.5626,
      "count": 200
    },
    "tiny.faithfulness.attr.tiny.score01": {
      "mean": 0.5683010471612215,
      "p90": 0.8080484867095947,
      "count": 200
    },
    "tiny.faithfulness.attr.tiny.score100": {
      "mean": 56.83009900000001,
      "p90": 80.8048,
      "count": 200
    },
    "tiny.faithfulness.attr.use_attention": {
      "mean": 0.0,
      "p90": 0.0,
      "count": 200
    },
    "tiny.faithfulness.attr.values[0]": {
      "mean": 0.5683010471612215,
      "p90": 0.8080484867095947,
      "count": 200
    },
    "tiny.faithfulness.attr.values[10]": {
      "mean": 0.901715913179958,
      "p90": 0.9161025915711072,
      "count": 200
    },
    "tiny.faithfulness.attr.values[11]": {
      "mean": 0.007401962578296661,
      "p90": 0.008718907833099365,
      "count": 200
    },
    "tiny.faithfulness.attr.values[12]": {
      "mean": 0.0,
      "p90": 0.0,
      "count": 200
    },
    "tiny.faithfulness.attr.values[13]": {
      "mean": 0.9809103006124497,
      "p90": 0.986609160900116,
      "count": 200
    },
    "tiny.faithfulness.attr.values[14]": {
      "mean": 0.0,
      "p90": 0.0,
      "count": 200
    },
    "tiny.faithfulness.attr.values[15]": {
      "mean": 0.9999980944395065,
      "p90": 0.9999996423721313,
      "count": 200
    },
    "tiny.faithfulness.attr.values[1]": {
      "mean": 56.83009900000001,
      "p90": 80.8048,
      "count": 200
    },
    "tiny.faithfulness.attr.values[2]": {
      "mean": 0.9925980374217034,
      "p90": 0.9933071732521057,
      "count": 200
    },
    "tiny.faithfulness.attr.values[3]": {
      "mean": 0.2999135131813819,
      "p90": 0.6290150284767151,
      "count": 200
    },
    "tiny.faithfulness.attr.values[4]": {
      "mean": 0.9994172796607017,
      "p90": 0.9996715784072876,
      "count": 200
    },
    "tiny.faithfulness.attr.values[5]": {
      "mean": 0.9461348688602442,
      "p90": 0.9556259870529176,
      "count": 200
    },
    "tiny.faithfulness.attr.values[6]": {
      "mean": 0.9778481191694738,
      "p90": 0.985952091217041,
      "count": 200
    },
    "tiny.faithfulness.attr.values[7]": {
      "mean": 0.9335999582580898,
      "p90": 0.9949198343587341,
      "count": 200
    },
    "tiny.faithfulness.attr.values[8]": {
      "mean": 0.9583402171432968,
      "p90": 0.9721105337142945,
      "count": 200
    },
    "tiny.faithfulness.attr.values[9]": {
      "mean": 0.6926564024686815,
      "p90": 0.7027916193008423,
      "count": 200
    },
    "tiny.faithfulness.attr.vector.scm.aggregate01": {
      "mean": 0.901715913179958,
      "p90": 0.9161025915711072,
      "count": 200
    },
    "tiny.faithfulness.attr.vector.scm.agree_hat01": {
      "mean": 0.5980927726626396,
      "p90": 0.663747251033783,
      "count": 200
    },
    "tiny.faithfulness.attr.vector.scm.clarity.score01": {
      "mean": 0.9335999582580898,
      "p90": 0.9949198343587341,
      "count": 200
    },
    "tiny.faithfulness.attr.vector.scm.consistency01": {
      "mean": 0.9809103006124497,
      "p90": 0.986609160900116,
      "count": 200
    },
    "tiny.faithfulness.attr.vector.scm.coverage.score01": {
      "mean": 0.6926564024686815,
      "p90": 0.7027916193008423,
      "count": 200
    },
    "tiny.faithfulness.attr.vector.scm.faithfulness.score01": {
      "mean": 0.9583402171432968,
      "p90": 0.9721105337142945,
      "count": 200
    },
    "tiny.faithfulness.attr.vector.scm.knowledge.score01": {
      "mean": 0.9778481191694738,
      "p90": 0.985952091217041,
      "count": 200
    },
    "tiny.faithfulness.attr.vector.scm.length_norm01": {
      "mean": 0.0,
      "p90": 0.0,
      "count": 200
    },
    "tiny.faithfulness.attr.vector.scm.ood_hat01": {
      "mean": 0.0,
      "p90": 0.0,
      "count": 200
    },
    "tiny.faithfulness.attr.vector.scm.reasoning.score01": {
      "mean": 0.9461348688602442,
      "p90": 0.9556259870529176,
      "count": 200
    },
    "tiny.faithfulness.attr.vector.scm.temp01": {
      "mean": 0.9999980944395065,
      "p90": 0.9999996423721313,
      "count": 200
    },
    "tiny.faithfulness.attr.vector.scm.uncertainty01": {
      "mean": 0.007401962578296661,
      "p90": 0.008718907833099365,
      "count": 200
    },
    "tiny.faithfulness.attr.vector.tiny.certainty01": {
      "mean": 0.9925980374217034,
      "p90": 0.9933071732521057,
      "count": 200
    },
    "tiny.faithfulness.attr.vector.tiny.clarity": {
      "mean": 0.9335999582580898,
      "p90": 0.9949198343587341,
      "count": 200
    },
    "tiny.faithfulness.attr.vector.tiny.clarity.score01": {
      "mean": 0.9335999582580898,
      "p90": 0.9949198343587341,
      "count": 200
    },
    "tiny.faithfulness.attr.vector.tiny.clarity.score100": {
      "mean": 93.36000000000006,
      "p90": 99.492,
      "count": 200
    },
    "tiny.faithfulness.attr.vector.tiny.coverage": {
      "mean": 0.6926564024686815,
      "p90": 0.7027916193008423,
      "count": 200
    },
    "tiny.faithfulness.attr.vector.tiny.coverage.score01": {
      "mean": 0.6926564024686815,
      "p90": 0.7027916193008423,
      "count": 200
    },
    "tiny.faithfulness.attr.vector.tiny.coverage.score100": {
      "mean": 69.26564100000004,
      "p90": 70.2792,
      "count": 200
    },
    "tiny.faithfulness.attr.vector.tiny.entropy_mean": {
      "mean": 0.2999135131813819,
      "p90": 0.6290150284767151,
      "count": 200
    },
    "tiny.faithfulness.attr.vector.tiny.faithfulness": {
      "mean": 0.9583402171432968,
      "p90": 0.9721105337142945,
      "count": 200
    },
    "tiny.faithfulness.attr.vector.tiny.faithfulness.score01": {
      "mean": 0.9583402171432968,
      "p90": 0.9721105337142945,
      "count": 200
    },
    "tiny.faithfulness.attr.vector.tiny.faithfulness.score100": {
      "mean": 95.83402050000008,
      "p90": 97.2111,
      "count": 200
    },
    "tiny.faithfulness.attr.vector.tiny.halt_prob": {
      "mean": 0.9994172796607017,
      "p90": 0.9996715784072876,
      "count": 200
    },
    "tiny.faithfulness.attr.vector.tiny.knowledge": {
      "mean": 0.9778481191694738,
      "p90": 0.985952091217041,
      "count": 200
    },
    "tiny.faithfulness.attr.vector.tiny.knowledge.score01": {
      "mean": 0.9778481191694738,
      "p90": 0.985952091217041,
      "count": 200
    },
    "tiny.faithfulness.attr.vector.tiny.knowledge.score100": {
      "mean": 97.784808,
      "p90": 98.5952,
      "count": 200
    },
    "tiny.faithfulness.attr.vector.tiny.reasoning": {
      "mean": 0.9461348688602442,
      "p90": 0.9556259870529176,
      "count": 200
    },
    "tiny.faithfulness.attr.vector.tiny.reasoning.score01": {
      "mean": 0.9461348688602442,
      "p90": 0.9556259870529176,
      "count": 200
    },
    "tiny.faithfulness.attr.vector.tiny.reasoning.score100": {
      "mean": 94.6134885,
      "p90": 95.5626,
      "count": 200
    },
    "tiny.faithfulness.attr.vector.tiny.score01": {
      "mean": 0.5683010471612215,
      "p90": 0.8080484867095947,
      "count": 200
    },
    "tiny.faithfulness.attr.vector.tiny.score100": {
      "mean": 56.83009900000001,
      "p90": 80.8048,
      "count": 200
    },
    "tiny.faithfulness.score": {
      "mean": 0.5683010471612215,
      "p90": 0.8080484867095947,
      "count": 200
    }
  },
  "provenance": {
    "knn_k_effective": 12,
    "edge_threshold_effective": 0.35,
    "knn_k_cfg": 12,
    "edge_threshold_cfg": 0.35
  }
}