{
  "nodes": 200,
  "edges": 1317,
  "avg_degree": 13.17,
  "degree": {
    "mean": 13.17,
    "std": 2.8585135997577495,
    "p50": 13.0,
    "p90": 17.0,
    "gini": 0.12268033409263478,
    "assortativity": 0.029590564395857152
  },
  "kcore": {
    "kmax": 9,
    "kmax_core_size": 0
  },
  "components": {
    "count": 1,
    "sizes": [
      200
    ],
    "giant_ratio": 1.0,
    "largest_component": 200
  },
  "edge_weights": {
    "mean": 0.9102423385679496,
    "std": 0.06353098888618869,
    "p50": 0.9185965061187744,
    "p90": 0.986757755279541
  },
  "edge_types": {
    "knn": 1317,
    "temporal": 0,
    "other": 0
  },
  "clustering_coeff": 0.3887627987337739,
  "mutual_knn_frac": 0.6973293768545994,
  "spatial": {
    "mean_edge_len": 0.2415799831133903,
    "p10": 0.09225316746288739,
    "p25": 0.14471383736116908,
    "p50": 0.22503869144592847,
    "p75": 0.3200576079498883,
    "p90": 0.41896689652869457,
    "long_edge_frac": 0.2505694760820046
  },
  "community": {
    "method": "label_prop",
    "count": 1,
    "size_p90": 200.0,
    "modularity": -0.5
  },
  "goal_alignment": {
    "mean": 0.0,
    "median": 0.0,
    "p90": 0.0,
    "count": 200
  },
  "metric_columns": {
    "hrm.aggregate": {
      "mean": 0.0,
      "p90": 0.0,
      "count": 200
    },
    "sicql.aggregate": {
      "mean": 100.0,
      "p90": 100.0,
      "count": 200
    },
    "sicql.clarity.attr.advantage": {
      "mean": -1.0273939895629882,
      "p90": -0.8049354553222656,
      "count": 200
    },
    "sicql.clarity.attr.energy": {
      "mean": 28.23177287578583,
      "p90": 35.492042541503906,
      "count": 200
    },
    "sicql.clarity.attr.entropy": {
      "mean": 1.0983436805009843,
      "p90": 1.0984193086624146,
      "count": 200
    },
    "sicql.clarity.attr.policy_logits[0]": {
      "mean": -0.05854402917670086,
      "p90": -0.027447737753391266,
      "count": 200
    },
    "sicql.clarity.attr.policy_logits[1]": {
      "mean": -0.11003346931189299,
      "p90": -0.08546239882707596,
      "count": 200
    },
    "sicql.clarity.attr.policy_logits[2]": {
      "mean": -0.10212290139868856,
      "p90": -0.07002579420804977,
      "count": 200
    },
    "sicql.clarity.attr.q_value": {
      "mean": 28.23177287578583,
      "p90": 35.492042541503906,
      "count": 200
    },
    "sicql.clarity.attr.state_value": {
      "mean": 29.259166865348817,
      "p90": 36.73037338256836,
      "count": 200
    },
    "sicql.clarity.attr.uncertainty": {
      "mean": 1.0273939895629882,
      "p90": 1.2383308410644531,
      "count": 200
    },
    "sicql.clarity.score": {
      "mean": 99.99999899999999,
      "p90": 100.0,
      "count": 200
    },
    "sicql.coverage.attr.advantage": {
      "mean": -1.2774263429641723,
      "p90": -1.0386466979980469,
      "count": 200
    },
    "sicql.coverage.attr.energy": {
      "mean": 31.07533374786377,
      "p90": 38.88363265991211,
      "count": 200
    },
    "sicql.coverage.attr.entropy": {
      "mean": 1.0985786098241805,
      "p90": 1.098605751991272,
      "count": 200
    },
    "sicql.coverage.attr.policy_logits[0]": {
      "mean": -0.12640212934464215,
      "p90": -0.09928478300571442,
      "count": 200
    },
    "sicql.coverage.attr.policy_logits[1]": {
      "mean": -0.11201984491199254,
      "p90": -0.08517582714557648,
      "count": 200
    },
    "sicql.coverage.attr.policy_logits[2]": {
      "mean": -0.11232249185442925,
      "p90": -0.08177177608013153,
      "count": 200
    },
    "sicql.coverage.attr.q_value": {
      "mean": 31.07533374786377,
      "p90": 38.88363265991211,
      "count": 200
    },
    "sicql.coverage.attr.state_value": {
      "mean": 32.35276009082794,
      "p90": 40.414085388183594,
      "count": 200
    },
    "sicql.coverage.attr.uncertainty": {
      "mean": 1.2774263429641723,
      "p90": 1.5304527282714844,
      "count": 200
    },
    "sicql.coverage.score": {
      "mean": 100.0,
      "p90": 100.0,
      "count": 200
    },
    "sicql.faithfulness.attr.advantage": {
      "mean": -1.3876883363723755,
      "p90": -1.1043720245361328,
      "count": 200
    },
    "sicql.faithfulness.attr.energy": {
      "mean": 27.171429085731507,
      "p90": 36.99473571777344,
      "count": 200
    },
    "sicql.faithfulness.attr.entropy": {
      "mean": 1.0983606272935866,
      "p90": 1.098451852798462,
      "count": 200
    },
    "sicql.faithfulness.attr.policy_logits[0]": {
      "mean": 0.190074103474617,
      "p90": 0.24741843342781067,
      "count": 200
    },
    "sicql.faithfulness.attr.policy_logits[1]": {
      "mean": 0.13818039882928132,
      "p90": 0.19293950498104095,
      "count": 200
    },
    "sicql.faithfulness.attr.policy_logits[2]": {
      "mean": 0.15374853666871785,
      "p90": 0.21550679206848145,
      "count": 200
    },
    "sicql.faithfulness.attr.q_value": {
      "mean": 27.171429085731507,
      "p90": 36.99473571777344,
      "count": 200
    },
    "sicql.faithfulness.attr.state_value": {
      "mean": 28.55911742210388,
      "p90": 38.75313949584961,
      "count": 200
    },
    "sicql.faithfulness.attr.uncertainty": {
      "mean": 1.3876883363723755,
      "p90": 1.6929435729980469,
      "count": 200
    },
    "sicql.faithfulness.score": {
      "mean": 99.9999315,
      "p90": 100.0,
      "count": 200
    },
    "text.avgw": {
      "mean": 5.863048669616691,
      "p90": 6.9006410256410255,
      "count": 200
    },
    "text.caps_ratio": {
      "mean": 0.03675080656487549,
      "p90": 0.058611361587015326,
      "count": 200
    },
    "text.len": {
      "mean": 1938.825,
      "p90": 3020.0,
      "count": 200
    },
    "text.lines": {
      "mean": 43.01,
      "p90": 76.0,
      "count": 200
    },
    "text.punc_ratio": {
      "mean": 0.06781750737785569,
      "p90": 0.09668755595344673,
      "count": 200
    },
    "text.words": {
      "mean": 258.73,
      "p90": 385.0,
      "count": 200
    },
    "tiny.aggregate": {
      "mean": 0.5063999999999999,
      "p90": 0.8,
      "count": 200
    },
    "tiny.clarity.attr.agree01": {
      "mean": 0.4201489955186844,
      "p90": 0.4481344521045685,
      "count": 200
    },
    "tiny.clarity.attr.aux3_p_bad": {
      "mean": 0.40707947791283006,
      "p90": 0.7852392196655273,
      "count": 200
    },
    "tiny.clarity.attr.aux3_p_good": {
      "mean": 0.4658918336778879,
      "p90": 0.9997424483299255,
      "count": 200
    },
    "tiny.clarity.attr.aux3_p_mid": {
      "mean": 0.12702869186062343,
      "p90": 0.21658872067928314,
      "count": 200
    },
    "tiny.clarity.attr.certainty01": {
      "mean": 0.9732233437895775,
      "p90": 0.9933071732521057,
      "count": 200
    },
    "tiny.clarity.attr.concept_sparsity": {
      "mean": 0.1761328125,
      "p90": 0.203125,
      "count": 200
    },
    "tiny.clarity.attr.consistency_hat": {
      "mean": 0.971237421631813,
      "p90": 0.9771182537078857,
      "count": 200
    },
    "tiny.clarity.attr.disagree_hat": {
      "mean": 0.122732166913338,
      "p90": 0.2060771882534027,
      "count": 200
    },
    "tiny.clarity.attr.dropout": {
      "mean": 0.10000000000000007,
      "p90": 0.1,
      "count": 200
    },
    "tiny.clarity.attr.entropy": {
      "mean": 0.3472825061541516,
      "p90": 0.5700618028640747,
      "count": 200
    },
    "tiny.clarity.attr.halt_prob": {
      "mean": 0.9640163600444793,
      "p90": 0.9999985694885254,
      "count": 200
    },
    "tiny.clarity.attr.jacobian_fd": {
      "mean": 0.012047405550392796,
      "p90": 0.015565752983093262,
      "count": 200
    },
    "tiny.clarity.attr.length_norm01": {
      "mean": 0.5,
      "p90": 0.5,
      "count": 200
    },
    "tiny.clarity.attr.n_recursions": {
      "mean": 6.0,
      "p90": 6.0,
      "count": 200
    },
    "tiny.clarity.attr.ood_hat01": {
      "mean": 0.30662621337920426,
      "p90": 0.4408087432384491,
      "count": 200
    },
    "tiny.clarity.attr.raw01": {
      "mean": 0.4626939780265093,
      "p90": 0.9143477082252502,
      "count": 200
    },
    "tiny.clarity.attr.recon_sim": {
      "mean": 0.7868247151374816,
      "p90": 0.8378402590751648,
      "count": 200
    },
    "tiny.clarity.attr.scm.aggregate01": {
      "mean": 0.8354589799337936,
      "p90": 0.8888425736322096,
      "count": 200
    },
    "tiny.clarity.attr.scm.agree_hat01": {
      "mean": 0.4201489955186844,
      "p90": 0.4481344521045685,
      "count": 200
    },
    "tiny.clarity.attr.scm.clarity.score01": {
      "mean": 0.7907077453699479,
      "p90": 0.9949758488306544,
      "count": 200
    },
    "tiny.clarity.attr.scm.consistency01": {
      "mean": 0.971237421631813,
      "p90": 0.9771182537078857,
      "count": 200
    },
    "tiny.clarity.attr.scm.coverage.score01": {
      "mean": 0.6597424625158306,
      "p90": 0.6785728693008424,
      "count": 200
    },
    "tiny.clarity.attr.scm.faithfulness.score01": {
      "mean": 0.8794282528161997,
      "p90": 0.9069960176944734,
      "count": 200
    },
    "tiny.clarity.attr.scm.knowledge.score01": {
      "mean": 0.93069208329916,
      "p90": 0.9482031106948853,
      "count": 200
    },
    "tiny.clarity.attr.scm.length_norm01": {
      "mean": 0.0,
      "p90": 0.0,
      "count": 200
    },
    "tiny.clarity.attr.scm.ood_hat01": {
      "mean": 0.0,
      "p90": 0.0,
      "count": 200
    },
    "tiny.clarity.attr.scm.reasoning.score01": {
      "mean": 0.9167243556678298,
      "p90": 0.9289656043052673,
      "count": 200
    },
    "tiny.clarity.attr.scm.temp01": {
      "mean": 0.999444932937622,
      "p90": 1.0,
      "count": 200
    },
    "tiny.clarity.attr.scm.uncertainty01": {
      "mean": 0.026776656210422516,
      "p90": 0.04215884208679199,
      "count": 200
    },
    "tiny.clarity.attr.sens01": {
      "mean": 0.6075945481657982,
      "p90": 0.8114761710166931,
      "count": 200
    },
    "tiny.clarity.attr.temp01": {
      "mean": 0.999444932937622,
      "p90": 1.0,
      "count": 200
    },
    "tiny.clarity.attr.tiny.clarity": {
      "mean": 0.7907077453699479,
      "p90": 0.9949758488306544,
      "count": 200
    },
    "tiny.clarity.attr.tiny.clarity.score01": {
      "mean": 0.7907077453699479,
      "p90": 0.9949758488306544,
      "count": 200
    },
    "tiny.clarity.attr.tiny.clarity.score100": {
      "mean": 79.0707755,
      "p90": 99.4976,
      "count": 200
    },
    "tiny.clarity.attr.tiny.coverage": {
      "mean": 0.6597424625158306,
      "p90": 0.6785728693008424,
      "count": 200
    },
    "tiny.clarity.attr.tiny.coverage.score01": {
      "mean": 0.6597424625158306,
      "p90": 0.6785728693008424,
      "count": 200
    },
    "tiny.clarity.attr.tiny.coverage.score100": {
      "mean": 65.97424699999999,
      "p90": 67.8573,
      "count": 200
    },
    "tiny.clarity.attr.tiny.faithfulness": {
      "mean": 0.8794282528161997,
      "p90": 0.9069960176944734,
      "count": 200
    },
    "tiny.clarity.attr.tiny.faithfulness.score01": {
      "mean": 0.8794282528161997,
      "p90": 0.9069960176944734,
      "count": 200
    },
    "tiny.clarity.attr.tiny.faithfulness.score100": {
      "mean": 87.94282700000002,
      "p90": 90.6996,
      "count": 200
    },
    "tiny.clarity.attr.tiny.knowledge": {
      "mean": 0.93069208329916,
      "p90": 0.9482031106948853,
      "count": 200
    },
    "tiny.clarity.attr.tiny.knowledge.score01": {
      "mean": 0.93069208329916,
      "p90": 0.9482031106948853,
      "count": 200
    },
    "tiny.clarity.attr.tiny.knowledge.score100": {
      "mean": 93.06920649999995,
      "p90": 94.8203,
      "count": 200
    },
    "tiny.clarity.attr.tiny.reasoning": {
      "mean": 0.9167243556678298,
      "p90": 0.9289656043052673,
      "count": 200
    },
    "tiny.clarity.attr.tiny.reasoning.score01": {
      "mean": 0.9167243556678298,
      "p90": 0.9289656043052673,
      "count": 200
    },
    "tiny.clarity.attr.tiny.reasoning.score100": {
      "mean": 91.67243750000003,
      "p90": 92.8966,
      "count": 200
    },
    "tiny.clarity.attr.tiny.score01": {
      "mean": 0.4626939780265093,
      "p90": 0.9143477082252502,
      "count": 200
    },
    "tiny.clarity.attr.tiny.score100": {
      "mean": 46.269397,
      "p90": 91.4348,
      "count": 200
    },
    "tiny.clarity.attr.use_attention": {
      "mean": 0.0,
      "p90": 0.0,
      "count": 200
    },
    "tiny.clarity.attr.values[0]": {
      "mean": 0.4626939780265093,
      "p90": 0.9143477082252502,
      "count": 200
    },
    "tiny.clarity.attr.values[10]": {
      "mean": 0.8354589799337936,
      "p90": 0.8888425736322096,
      "count": 200
    },
    "tiny.clarity.attr.values[11]": {
      "mean": 0.026776656210422516,
      "p90": 0.04215884208679199,
      "count": 200
    },
    "tiny.clarity.attr.values[12]": {
      "mean": 0.0,
      "p90": 0.0,
      "count": 200
    },
    "tiny.clarity.attr.values[13]": {
      "mean": 0.971237421631813,
      "p90": 0.9771182537078857,
      "count": 200
    },
    "tiny.clarity.attr.values[14]": {
      "mean": 0.0,
      "p90": 0.0,
      "count": 200
    },
    "tiny.clarity.attr.values[15]": {
      "mean": 0.999444932937622,
      "p90": 1.0,
      "count": 200
    },
    "tiny.clarity.attr.values[1]": {
      "mean": 46.269397,
      "p90": 91.4348,
      "count": 200
    },
    "tiny.clarity.attr.values[2]": {
      "mean": 0.9732233437895775,
      "p90": 0.9933071732521057,
      "count": 200
    },
    "tiny.clarity.attr.values[3]": {
      "mean": 0.3472825061541516,
      "p90": 0.5700618028640747,
      "count": 200
    },
    "tiny.clarity.attr.values[4]": {
      "mean": 0.9640163600444793,
      "p90": 0.9999985694885254,
      "count": 200
    },
    "tiny.clarity.attr.values[5]": {
      "mean": 0.9167243556678298,
      "p90": 0.9289656043052673,
      "count": 200
    },
    "tiny.clarity.attr.values[6]": {
      "mean": 0.93069208329916,
      "p90": 0.9482031106948853,
      "count": 200
    },
    "tiny.clarity.attr.values[7]": {
      "mean": 0.7907077453699479,
      "p90": 0.9949758488306544,
      "count": 200
    },
    "tiny.clarity.attr.values[8]": {
      "mean": 0.8794282528161997,
      "p90": 0.9069960176944734,
      "count": 200
    },
    "tiny.clarity.attr.values[9]": {
      "mean": 0.6597424625158306,
      "p90": 0.6785728693008424,
      "count": 200
    },
    "tiny.clarity.attr.vector.scm.aggregate01": {
      "mean": 0.8354589799337936,
      "p90": 0.8888425736322096,
      "count": 200
    },
    "tiny.clarity.attr.vector.scm.agree_hat01": {
      "mean": 0.4201489955186844,
      "p90": 0.4481344521045685,
      "count": 200
    },
    "tiny.clarity.attr.vector.scm.clarity.score01": {
      "mean": 0.7907077453699479,
      "p90": 0.9949758488306544,
      "count": 200
    },
    "tiny.clarity.attr.vector.scm.consistency01": {
      "mean": 0.971237421631813,
      "p90": 0.9771182537078857,
      "count": 200
    },
    "tiny.clarity.attr.vector.scm.coverage.score01": {
      "mean": 0.6597424625158306,
      "p90": 0.6785728693008424,
      "count": 200
    },
    "tiny.clarity.attr.vector.scm.faithfulness.score01": {
      "mean": 0.8794282528161997,
      "p90": 0.9069960176944734,
      "count": 200
    },
    "tiny.clarity.attr.vector.scm.knowledge.score01": {
      "mean": 0.93069208329916,
      "p90": 0.9482031106948853,
      "count": 200
    },
    "tiny.clarity.attr.vector.scm.length_norm01": {
      "mean": 0.0,
      "p90": 0.0,
      "count": 200
    },
    "tiny.clarity.attr.vector.scm.ood_hat01": {
      "mean": 0.0,
      "p90": 0.0,
      "count": 200
    },
    "tiny.clarity.attr.vector.scm.reasoning.score01": {
      "mean": 0.9167243556678298,
      "p90": 0.9289656043052673,
      "count": 200
    },
    "tiny.clarity.attr.vector.scm.temp01": {
      "mean": 0.999444932937622,
      "p90": 1.0,
      "count": 200
    },
    "tiny.clarity.attr.vector.scm.uncertainty01": {
      "mean": 0.026776656210422516,
      "p90": 0.04215884208679199,
      "count": 200
    },
    "tiny.clarity.attr.vector.tiny.certainty01": {
      "mean": 0.9732233437895775,
      "p90": 0.9933071732521057,
      "count": 200
    },
    "tiny.clarity.attr.vector.tiny.clarity": {
      "mean": 0.7907077453699479,
      "p90": 0.9949758488306544,
      "count": 200
    },
    "tiny.clarity.attr.vector.tiny.clarity.score01": {
      "mean": 0.7907077453699479,
      "p90": 0.9949758488306544,
      "count": 200
    },
    "tiny.clarity.attr.vector.tiny.clarity.score100": {
      "mean": 79.0707755,
      "p90": 99.4976,
      "count": 200
    },
    "tiny.clarity.attr.vector.tiny.coverage": {
      "mean": 0.6597424625158306,
      "p90": 0.6785728693008424,
      "count": 200
    },
    "tiny.clarity.attr.vector.tiny.coverage.score01": {
      "mean": 0.6597424625158306,
      "p90": 0.6785728693008424,
      "count": 200
    },
    "tiny.clarity.attr.vector.tiny.coverage.score100": {
      "mean": 65.97424699999999,
      "p90": 67.8573,
      "count": 200
    },
    "tiny.clarity.attr.vector.tiny.entropy_mean": {
      "mean": 0.3472825061541516,
      "p90": 0.5700618028640747,
      "count": 200
    },
    "tiny.clarity.attr.vector.tiny.faithfulness": {
      "mean": 0.8794282528161997,
      "p90": 0.9069960176944734,
      "count": 200
    },
    "tiny.clarity.attr.vector.tiny.faithfulness.score01": {
      "mean": 0.8794282528161997,
      "p90": 0.9069960176944734,
      "count": 200
    },
    "tiny.clarity.attr.vector.tiny.faithfulness.score100": {
      "mean": 87.94282700000002,
      "p90": 90.6996,
      "count": 200
    },
    "tiny.clarity.attr.vector.tiny.halt_prob": {
      "mean": 0.9640163600444793,
      "p90": 0.9999985694885254,
      "count": 200
    },
    "tiny.clarity.attr.vector.tiny.knowledge": {
      "mean": 0.93069208329916,
      "p90": 0.9482031106948853,
      "count": 200
    },
    "tiny.clarity.attr.vector.tiny.knowledge.score01": {
      "mean": 0.93069208329916,
      "p90": 0.9482031106948853,
      "count": 200
    },
    "tiny.clarity.attr.vector.tiny.knowledge.score100": {
      "mean": 93.06920649999995,
      "p90": 94.8203,
      "count": 200
    },
    "tiny.clarity.attr.vector.tiny.reasoning": {
      "mean": 0.9167243556678298,
      "p90": 0.9289656043052673,
      "count": 200
    },
    "tiny.clarity.attr.vector.tiny.reasoning.score01": {
      "mean": 0.9167243556678298,
      "p90": 0.9289656043052673,
      "count": 200
    },
    "tiny.clarity.attr.vector.tiny.reasoning.score100": {
      "mean": 91.67243750000003,
      "p90": 92.8966,
      "count": 200
    },
    "tiny.clarity.attr.vector.tiny.score01": {
      "mean": 0.4626939780265093,
      "p90": 0.9143477082252502,
      "count": 200
    },
    "tiny.clarity.attr.vector.tiny.score100": {
      "mean": 46.269397,
      "p90": 91.4348,
      "count": 200
    },
    "tiny.clarity.score": {
      "mean": 0.4626939780265093,
      "p90": 0.9143477082252502,
      "count": 200
    },
    "tiny.coverage.attr.agree01": {
      "mean": 0.5250321726500988,
      "p90": 0.5856835842132568,
      "count": 200
    },
    "tiny.coverage.attr.aux3_p_bad": {
      "mean": 0.3774062880157726,
      "p90": 0.9592720866203308,
      "count": 200
    },
    "tiny.coverage.attr.aux3_p_good": {
      "mean": 0.528211957142339,
      "p90": 0.992281973361969,
      "count": 200
    },
    "tiny.coverage.attr.aux3_p_mid": {
      "mean": 0.09438175698334816,
      "p90": 0.2955723702907562,
      "count": 200
    },
    "tiny.coverage.attr.certainty01": {
      "mean": 0.9716150191426277,
      "p90": 0.9933071732521057,
      "count": 200
    },
    "tiny.coverage.attr.concept_sparsity": {
      "mean": 0.293095703125,
      "p90": 0.330078125,
      "count": 200
    },
    "tiny.coverage.attr.consistency_hat": {
      "mean": 0.9571829003095627,
      "p90": 0.9859976768493652,
      "count": 200
    },
    "tiny.coverage.attr.disagree_hat": {
      "mean": 0.12989720185287296,
      "p90": 0.2467835694551468,
      "count": 200
    },
    "tiny.coverage.attr.dropout": {
      "mean": 0.10000000000000007,
      "p90": 0.1,
      "count": 200
    },
    "tiny.coverage.attr.entropy": {
      "mean": 0.30109089580364523,
      "p90": 0.7659091353416443,
      "count": 200
    },
    "tiny.coverage.attr.halt_prob": {
      "mean": 0.9803438019752503,
      "p90": 0.9994101524353027,
      "count": 200
    },
    "tiny.coverage.attr.jacobian_fd": {
      "mean": 0.01914537952605315,
      "p90": 0.04855244979262352,
      "count": 200
    },
    "tiny.coverage.attr.length_norm01": {
      "mean": 0.5,
      "p90": 0.5,
      "count": 200
    },
    "tiny.coverage.attr.n_recursions": {
      "mean": 6.0,
      "p90": 6.0,
      "count": 200
    },
    "tiny.coverage.attr.ood_hat01": {
      "mean": 0.30494446352124216,
      "p90": 0.3348534405231476,
      "count": 200
    },
    "tiny.coverage.attr.raw01": {
      "mean": 0.5410663779079914,
      "p90": 0.8944674134254456,
      "count": 200
    },
    "tiny.coverage.attr.recon_sim": {
      "mean": 0.77302649974823,
      "p90": 0.8236937522888184,
      "count": 200
    },
    "tiny.coverage.attr.scm.aggregate01": {
      "mean": 0.8442274531406239,
      "p90": 0.8962254730984569,
      "count": 200
    },
    "tiny.coverage.attr.scm.agree_hat01": {
      "mean": 0.5250321726500988,
      "p90": 0.5856835842132568,
      "count": 200
    },
    "tiny.coverage.attr.scm.clarity.score01": {
      "mean": 0.8027334360540261,
      "p90": 0.9963169676135295,
      "count": 200
    },
    "tiny.coverage.attr.scm.consistency01": {
      "mean": 0.9571829003095627,
      "p90": 0.9859976768493652,
      "count": 200
    },
    "tiny.coverage.attr.scm.coverage.score01": {
      "mean": 0.7058842889070515,
      "p90": 0.7291083812713623,
      "count": 200
    },
    "tiny.coverage.attr.scm.faithfulness.score01": {
      "mean": 0.8679911237955096,
      "p90": 0.893993890285492,
      "count": 200
    },
    "tiny.coverage.attr.scm.knowledge.score01": {
      "mean": 0.9262309537529947,
      "p90": 0.9436323165893554,
      "count": 200
    },
    "tiny.coverage.attr.scm.length_norm01": {
      "mean": 0.0,
      "p90": 0.0,
      "count": 200
    },
    "tiny.coverage.attr.scm.ood_hat01": {
      "mean": 0.0,
      "p90": 0.0,
      "count": 200
    },
    "tiny.coverage.attr.scm.reasoning.score01": {
      "mean": 0.9182974631935352,
      "p90": 0.9398851156234741,
      "count": 200
    },
    "tiny.coverage.attr.scm.temp01": {
      "mean": 0.9990336790680885,
      "p90": 0.9999970197677612,
      "count": 200
    },
    "tiny.coverage.attr.scm.uncertainty01": {
      "mean": 0.028384980857372285,
      "p90": 0.07737904787063599,
      "count": 200
    },
    "tiny.coverage.attr.sens01": {
      "mean": 0.5246959090232849,
      "p90": 0.7203002572059631,
      "count": 200
    },
    "tiny.coverage.attr.temp01": {
      "mean": 0.9990336790680885,
      "p90": 0.9999970197677612,
      "count": 200
    },
    "tiny.coverage.attr.tiny.clarity": {
      "mean": 0.8027334360540261,
      "p90": 0.9963169676135295,
      "count": 200
    },
    "tiny.coverage.attr.tiny.clarity.score01": {
      "mean": 0.8027334360540261,
      "p90": 0.9963169676135295,
      "count": 200
    },
    "tiny.coverage.attr.tiny.clarity.score100": {
      "mean": 80.27334250000001,
      "p90": 99.6317,
      "count": 200
    },
    "tiny.coverage.attr.tiny.coverage": {
      "mean": 0.7058842889070515,
      "p90": 0.7291083812713623,
      "count": 200
    },
    "tiny.coverage.attr.tiny.coverage.score01": {
      "mean": 0.7058842889070515,
      "p90": 0.7291083812713623,
      "count": 200
    },
    "tiny.coverage.attr.tiny.coverage.score100": {
      "mean": 70.58842549999999,
      "p90": 72.9108,
      "count": 200
    },
    "tiny.coverage.attr.tiny.faithfulness": {
      "mean": 0.8679911237955096,
      "p90": 0.893993890285492,
      "count": 200
    },
    "tiny.coverage.attr.tiny.faithfulness.score01": {
      "mean": 0.8679911237955096,
      "p90": 0.893993890285492,
      "count": 200
    },
    "tiny.coverage.attr.tiny.faithfulness.score100": {
      "mean": 86.79911100000001,
      "p90": 89.3994,
      "count": 200
    },
    "tiny.coverage.attr.tiny.knowledge": {
      "mean": 0.9262309537529947,
      "p90": 0.9436323165893554,
      "count": 200
    },
    "tiny.coverage.attr.tiny.knowledge.score01": {
      "mean": 0.9262309537529947,
      "p90": 0.9436323165893554,
      "count": 200
    },
    "tiny.coverage.attr.tiny.knowledge.score100": {
      "mean": 92.62309499999999,
      "p90": 94.3632,
      "count": 200
    },
    "tiny.coverage.attr.tiny.reasoning": {
      "mean": 0.9182974631935352,
      "p90": 0.9398851156234741,
      "count": 200
    },
    "tiny.coverage.attr.tiny.reasoning.score01": {
      "mean": 0.9182974631935352,
      "p90": 0.9398851156234741,
      "count": 200
    },
    "tiny.coverage.attr.tiny.reasoning.score100": {
      "mean": 91.82974549999996,
      "p90": 93.9885,
      "count": 200
    },
    "tiny.coverage.attr.tiny.score01": {
      "mean": 0.5410663779079914,
      "p90": 0.8944674134254456,
      "count": 200
    },
    "tiny.coverage.attr.tiny.score100": {
      "mean": 54.106636,
      "p90": 89.4467,
      "count": 200
    },
    "tiny.coverage.attr.use_attention": {
      "mean": 0.0,
      "p90": 0.0,
      "count": 200
    },
    "tiny.coverage.attr.values[0]": {
      "mean": 0.5410663779079914,
      "p90": 0.8944674134254456,
      "count": 200
    },
    "tiny.coverage.attr.values[10]": {
      "mean": 0.8442274531406239,
      "p90": 0.8962254730984569,
      "count": 200
    },
    "tiny.coverage.attr.values[11]": {
      "mean": 0.028384980857372285,
      "p90": 0.07737904787063599,
      "count": 200
    },
    "tiny.coverage.attr.values[12]": {
      "mean": 0.0,
      "p90": 0.0,
      "count": 200
    },
    "tiny.coverage.attr.values[13]": {
      "mean": 0.9571829003095627,
      "p90": 0.9859976768493652,
      "count": 200
    },
    "tiny.coverage.attr.values[14]": {
      "mean": 0.0,
      "p90": 0.0,
      "count": 200
    },
    "tiny.coverage.attr.values[15]": {
      "mean": 0.9990336790680885,
      "p90": 0.9999970197677612,
      "count": 200
    },
    "tiny.coverage.attr.values[1]": {
      "mean": 54.106636,
      "p90": 89.4467,
      "count": 200
    },
    "tiny.coverage.attr.values[2]": {
      "mean": 0.9716150191426277,
      "p90": 0.9933071732521057,
      "count": 200
    },
    "tiny.coverage.attr.values[3]": {
      "mean": 0.30109089580364523,
      "p90": 0.7659091353416443,
      "count": 200
    },
    "tiny.coverage.attr.values[4]": {
      "mean": 0.9803438019752503,
      "p90": 0.9994101524353027,
      "count": 200
    },
    "tiny.coverage.attr.values[5]": {
      "mean": 0.9182974631935352,
      "p90": 0.9398851156234741,
      "count": 200
    },
    "tiny.coverage.attr.values[6]": {
      "mean": 0.9262309537529947,
      "p90": 0.9436323165893554,
      "count": 200
    },
    "tiny.coverage.attr.values[7]": {
      "mean": 0.8027334360540261,
      "p90": 0.9963169676135295,
      "count": 200
    },
    "tiny.coverage.attr.values[8]": {
      "mean": 0.8679911237955096,
      "p90": 0.893993890285492,
      "count": 200
    },
    "tiny.coverage.attr.values[9]": {
      "mean": 0.7058842889070515,
      "p90": 0.7291083812713623,
      "count": 200
    },
    "tiny.coverage.attr.vector.scm.aggregate01": {
      "mean": 0.8442274531406239,
      "p90": 0.8962254730984569,
      "count": 200
    },
    "tiny.coverage.attr.vector.scm.agree_hat01": {
      "mean": 0.5250321726500988,
      "p90": 0.5856835842132568,
      "count": 200
    },
    "tiny.coverage.attr.vector.scm.clarity.score01": {
      "mean": 0.8027334360540261,
      "p90": 0.9963169676135295,
      "count": 200
    },
    "tiny.coverage.attr.vector.scm.consistency01": {
      "mean": 0.9571829003095627,
      "p90": 0.9859976768493652,
      "count": 200
    },
    "tiny.coverage.attr.vector.scm.coverage.score01": {
      "mean": 0.7058842889070515,
      "p90": 0.7291083812713623,
      "count": 200
    },
    "tiny.coverage.attr.vector.scm.faithfulness.score01": {
      "mean": 0.8679911237955096,
      "p90": 0.893993890285492,
      "count": 200
    },
    "tiny.coverage.attr.vector.scm.knowledge.score01": {
      "mean": 0.9262309537529947,
      "p90": 0.9436323165893554,
      "count": 200
    },
    "tiny.coverage.attr.vector.scm.length_norm01": {
      "mean": 0.0,
      "p90": 0.0,
      "count": 200
    },
    "tiny.coverage.attr.vector.scm.ood_hat01": {
      "mean": 0.0,
      "p90": 0.0,
      "count": 200
    },
    "tiny.coverage.attr.vector.scm.reasoning.score01": {
      "mean": 0.9182974631935352,
      "p90": 0.9398851156234741,
      "count": 200
    },
    "tiny.coverage.attr.vector.scm.temp01": {
      "mean": 0.9990336790680885,
      "p90": 0.9999970197677612,
      "count": 200
    },
    "tiny.coverage.attr.vector.scm.uncertainty01": {
      "mean": 0.028384980857372285,
      "p90": 0.07737904787063599,
      "count": 200
    },
    "tiny.coverage.attr.vector.tiny.certainty01": {
      "mean": 0.9716150191426277,
      "p90": 0.9933071732521057,
      "count": 200
    },
    "tiny.coverage.attr.vector.tiny.clarity": {
      "mean": 0.8027334360540261,
      "p90": 0.9963169676135295,
      "count": 200
    },
    "tiny.coverage.attr.vector.tiny.clarity.score01": {
      "mean": 0.8027334360540261,
      "p90": 0.9963169676135295,
      "count": 200
    },
    "tiny.coverage.attr.vector.tiny.clarity.score100": {
      "mean": 80.27334250000001,
      "p90": 99.6317,
      "count": 200
    },
    "tiny.coverage.attr.vector.tiny.coverage": {
      "mean": 0.7058842889070515,
      "p90": 0.7291083812713623,
      "count": 200
    },
    "tiny.coverage.attr.vector.tiny.coverage.score01": {
      "mean": 0.7058842889070515,
      "p90": 0.7291083812713623,
      "count": 200
    },
    "tiny.coverage.attr.vector.tiny.coverage.score100": {
      "mean": 70.58842549999999,
      "p90": 72.9108,
      "count": 200
    },
    "tiny.coverage.attr.vector.tiny.entropy_mean": {
      "mean": 0.30109089580364523,
      "p90": 0.7659091353416443,
      "count": 200
    },
    "tiny.coverage.attr.vector.tiny.faithfulness": {
      "mean": 0.8679911237955096,
      "p90": 0.893993890285492,
      "count": 200
    },
    "tiny.coverage.attr.vector.tiny.faithfulness.score01": {
      "mean": 0.8679911237955096,
      "p90": 0.893993890285492,
      "count": 200
    },
    "tiny.coverage.attr.vector.tiny.faithfulness.score100": {
      "mean": 86.79911100000001,
      "p90": 89.3994,
      "count": 200
    },
    "tiny.coverage.attr.vector.tiny.halt_prob": {
      "mean": 0.9803438019752503,
      "p90": 0.9994101524353027,
      "count": 200
    },
    "tiny.coverage.attr.vector.tiny.knowledge": {
      "mean": 0.9262309537529947,
      "p90": 0.9436323165893554,
      "count": 200
    },
    "tiny.coverage.attr.vector.tiny.knowledge.score01": {
      "mean": 0.9262309537529947,
      "p90": 0.9436323165893554,
      "count": 200
    },
    "tiny.coverage.attr.vector.tiny.knowledge.score100": {
      "mean": 92.62309499999999,
      "p90": 94.3632,
      "count": 200
    },
    "tiny.coverage.attr.vector.tiny.reasoning": {
      "mean": 0.9182974631935352,
      "p90": 0.9398851156234741,
      "count": 200
    },
    "tiny.coverage.attr.vector.tiny.reasoning.score01": {
      "mean": 0.9182974631935352,
      "p90": 0.9398851156234741,
      "count": 200
    },
    "tiny.coverage.attr.vector.tiny.reasoning.score100": {
      "mean": 91.82974549999996,
      "p90": 93.9885,
      "count": 200
    },
    "tiny.coverage.attr.vector.tiny.score01": {
      "mean": 0.5410663779079914,
      "p90": 0.8944674134254456,
      "count": 200
    },
    "tiny.coverage.attr.vector.tiny.score100": {
      "mean": 54.106636,
      "p90": 89.4467,
      "count": 200
    },
    "tiny.coverage.score": {
      "mean": 0.5410663779079914,
      "p90": 0.8944674134254456,
      "count": 200
    },
    "tiny.faithfulness.attr.agree01": {
      "mean": 0.6388616324961185,
      "p90": 0.6809573769569397,
      "count": 200
    },
    "tiny.faithfulness.attr.aux3_p_bad": {
      "mean": 0.15107192362938804,
      "p90": 0.8123878240585327,
      "count": 200
    },
    "tiny.faithfulness.attr.aux3_p_good": {
      "mean": 0.22539895215026262,
      "p90": 0.9532281756401062,
      "count": 200
    },
    "tiny.faithfulness.attr.aux3_p_mid": {
      "mean": 0.6235291253877222,
      "p90": 0.9824665784835815,
      "count": 200
    },
    "tiny.faithfulness.attr.certainty01": {
      "mean": 0.9931947711110115,
      "p90": 0.9933071732521057,
      "count": 200
    },
    "tiny.faithfulness.attr.concept_sparsity": {
      "mean": 0.2378515625,
      "p90": 0.255859375,
      "count": 200
    },
    "tiny.faithfulness.attr.consistency_hat": {
      "mean": 0.9806673067808152,
      "p90": 0.9843622446060181,
      "count": 200
    },
    "tiny.faithfulness.attr.disagree_hat": {
      "mean": 0.045628313506022096,
      "p90": 0.05338125675916672,
      "count": 200
    },
    "tiny.faithfulness.attr.dropout": {
      "mean": 0.10000000000000007,
      "p90": 0.1,
      "count": 200
    },
    "tiny.faithfulness.attr.entropy": {
      "mean": 0.25889404997229576,
      "p90": 0.6180804967880249,
      "count": 200
    },
    "tiny.faithfulness.attr.halt_prob": {
      "mean": 0.9992456418275834,
      "p90": 0.9996057152748108,
      "count": 200
    },
    "tiny.faithfulness.attr.jacobian_fd": {
      "mean": 0.01584116831229039,
      "p90": 0.02276897244155407,
      "count": 200
    },
    "tiny.faithfulness.attr.length_norm01": {
      "mean": 0.5,
      "p90": 0.5,
      "count": 200
    },
    "tiny.faithfulness.attr.n_recursions": {
      "mean": 6.0,
      "p90": 6.0,
      "count": 200
    },
    "tiny.faithfulness.attr.ood_hat01": {
      "mean": 0.18518437933176757,
      "p90": 0.25415441393852234,
      "count": 200
    },
    "tiny.faithfulness.attr.raw01": {
      "mean": 0.5159313282743097,
      "p90": 0.7663962244987488,
      "count": 200
    },
    "tiny.faithfulness.attr.recon_sim": {
      "mean": 0.7823779010772705,
      "p90": 0.832162082195282,
      "count": 200
    },
    "tiny.faithfulness.attr.scm.aggregate01": {
      "mean": 0.876128286595549,
      "p90": 0.8960801050416194,
      "count": 200
    },
    "tiny.faithfulness.attr.scm.agree_hat01": {
      "mean": 0.6388616324961185,
      "p90": 0.6809573769569397,
      "count": 200
    },
    "tiny.faithfulness.attr.scm.clarity.score01": {
      "mean": 0.9205974995414691,
      "p90": 0.9951622042106465,
      "count": 200
    },
    "tiny.faithfulness.attr.scm.consistency01": {
      "mean": 0.9806673067808152,
      "p90": 0.9843622446060181,
      "count": 200
    },
    "tiny.faithfulness.attr.scm.coverage.score01": {
      "mean": 0.692418533444404,
      "p90": 0.6996666193008423,
      "count": 200
    },
    "tiny.faithfulness.attr.scm.faithfulness.score01": {
      "mean": 0.8840280967950824,
      "p90": 0.909521359205246,
      "count": 200
    },
    "tiny.faithfulness.attr.scm.knowledge.score01": {
      "mean": 0.933352324545383,
      "p90": 0.9483100593090058,
      "count": 200
    },
    "tiny.faithfulness.attr.scm.length_norm01": {
      "mean": 0.0,
      "p90": 0.0,
      "count": 200
    },
    "tiny.faithfulness.attr.scm.ood_hat01": {
      "mean": 0.0,
      "p90": 0.0,
      "count": 200
    },
    "tiny.faithfulness.attr.scm.reasoning.score01": {
      "mean": 0.9502449786514046,
      "p90": 0.9560987293720247,
      "count": 200
    },
    "tiny.faithfulness.attr.scm.temp01": {
      "mean": 0.9999853783845901,
      "p90": 0.9999996423721313,
      "count": 200
    },
    "tiny.faithfulness.attr.scm.uncertainty01": {
      "mean": 0.006805228888988495,
      "p90": 0.006692826747894287,
      "count": 200
    },
    "tiny.faithfulness.attr.sens01": {
      "mean": 0.7246599188446998,
      "p90": 0.7419793605804443,
      "count": 200
    },
    "tiny.faithfulness.attr.temp01": {
      "mean": 0.9999853783845901,
      "p90": 0.9999996423721313,
      "count": 200
    },
    "tiny.faithfulness.attr.tiny.clarity": {
      "mean": 0.9205974995414691,
      "p90": 0.9951622042106465,
      "count": 200
    },
    "tiny.faithfulness.attr.tiny.clarity.score01": {
      "mean": 0.9205974995414691,
      "p90": 0.9951622042106465,
      "count": 200
    },
    "tiny.faithfulness.attr.tiny.clarity.score100": {
      "mean": 92.05974949999994,
      "p90": 99.5162,
      "count": 200
    },
    "tiny.faithfulness.attr.tiny.coverage": {
      "mean": 0.692418533444404,
      "p90": 0.6996666193008423,
      "count": 200
    },
    "tiny.faithfulness.attr.tiny.coverage.score01": {
      "mean": 0.692418533444404,
      "p90": 0.6996666193008423,
      "count": 200
    },
    "tiny.faithfulness.attr.tiny.coverage.score100": {
      "mean": 69.24185599999997,
      "p90": 69.9667,
      "count": 200
    },
    "tiny.faithfulness.attr.tiny.faithfulness": {
      "mean": 0.8840280967950824,
      "p90": 0.909521359205246,
      "count": 200
    },
    "tiny.faithfulness.attr.tiny.faithfulness.score01": {
      "mean": 0.8840280967950824,
      "p90": 0.909521359205246,
      "count": 200
    },
    "tiny.faithfulness.attr.tiny.faithfulness.score100": {
      "mean": 88.40280799999995,
      "p90": 90.9521,
      "count": 200
    },
    "tiny.faithfulness.attr.tiny.knowledge": {
      "mean": 0.933352324545383,
      "p90": 0.9483100593090058,
      "count": 200
    },
    "tiny.faithfulness.attr.tiny.knowledge.score01": {
      "mean": 0.933352324545383,
      "p90": 0.9483100593090058,
      "count": 200
    },
    "tiny.faithfulness.attr.tiny.knowledge.score100": {
      "mean": 93.33523100000008,
      "p90": 94.831,
      "count": 200
    },
    "tiny.faithfulness.attr.tiny.reasoning": {
      "mean": 0.9502449786514046,
      "p90": 0.9560987293720247,
      "count": 200
    },
    "tiny.faithfulness.attr.tiny.reasoning.score01": {
      "mean": 0.9502449786514046,
      "p90": 0.9560987293720247,
      "count": 200
    },
    "tiny.faithfulness.attr.tiny.reasoning.score100": {
      "mean": 95.02449949999999,
      "p90": 95.6099,
      "count": 200
    },
    "tiny.faithfulness.attr.tiny.score01": {
      "mean": 0.5159313282743097,
      "p90": 0.7663962244987488,
      "count": 200
    },
    "tiny.faithfulness.attr.tiny.score100": {
      "mean": 51.593131000000014,
      "p90": 76.6396,
      "count": 200
    },
    "tiny.faithfulness.attr.use_attention": {
      "mean": 0.0,
      "p90": 0.0,
      "count": 200
    },
    "tiny.faithfulness.attr.values[0]": {
      "mean": 0.5159313282743097,
      "p90": 0.7663962244987488,
      "count": 200
    },
    "tiny.faithfulness.attr.values[10]": {
      "mean": 0.876128286595549,
      "p90": 0.8960801050416194,
      "count": 200
    },
    "tiny.faithfulness.attr.values[11]": {
      "mean": 0.006805228888988495,
      "p90": 0.006692826747894287,
      "count": 200
    },
    "tiny.faithfulness.attr.values[12]": {
      "mean": 0.0,
      "p90": 0.0,
      "count": 200
    },
    "tiny.faithfulness.attr.values[13]": {
      "mean": 0.9806673067808152,
      "p90": 0.9843622446060181,
      "count": 200
    },
    "tiny.faithfulness.attr.values[14]": {
      "mean": 0.0,
      "p90": 0.0,
      "count": 200
    },
    "tiny.faithfulness.attr.values[15]": {
      "mean": 0.9999853783845901,
      "p90": 0.9999996423721313,
      "count": 200
    },
    "tiny.faithfulness.attr.values[1]": {
      "mean": 51.593131000000014,
      "p90": 76.6396,
      "count": 200
    },
    "tiny.faithfulness.attr.values[2]": {
      "mean": 0.9931947711110115,
      "p90": 0.9933071732521057,
      "count": 200
    },
    "tiny.faithfulness.attr.values[3]": {
      "mean": 0.25889404997229576,
      "p90": 0.6180804967880249,
      "count": 200
    },
    "tiny.faithfulness.attr.values[4]": {
      "mean": 0.9992456418275834,
      "p90": 0.9996057152748108,
      "count": 200
    },
    "tiny.faithfulness.attr.values[5]": {
      "mean": 0.9502449786514046,
      "p90": 0.9560987293720247,
      "count": 200
    },
    "tiny.faithfulness.attr.values[6]": {
      "mean": 0.933352324545383,
      "p90": 0.9483100593090058,
      "count": 200
    },
    "tiny.faithfulness.attr.values[7]": {
      "mean": 0.9205974995414691,
      "p90": 0.9951622042106465,
      "count": 200
    },
    "tiny.faithfulness.attr.values[8]": {
      "mean": 0.8840280967950824,
      "p90": 0.909521359205246,
      "count": 200
    },
    "tiny.faithfulness.attr.values[9]": {
      "mean": 0.692418533444404,
      "p90": 0.6996666193008423,
      "count": 200
    },
    "tiny.faithfulness.attr.vector.scm.aggregate01": {
      "mean": 0.876128286595549,
      "p90": 0.8960801050416194,
      "count": 200
    },
    "tiny.faithfulness.attr.vector.scm.agree_hat01": {
      "mean": 0.6388616324961185,
      "p90": 0.6809573769569397,
      "count": 200
    },
    "tiny.faithfulness.attr.vector.scm.clarity.score01": {
      "mean": 0.9205974995414691,
      "p90": 0.9951622042106465,
      "count": 200
    },
    "tiny.faithfulness.attr.vector.scm.consistency01": {
      "mean": 0.9806673067808152,
      "p90": 0.9843622446060181,
      "count": 200
    },
    "tiny.faithfulness.attr.vector.scm.coverage.score01": {
      "mean": 0.692418533444404,
      "p90": 0.6996666193008423,
      "count": 200
    },
    "tiny.faithfulness.attr.vector.scm.faithfulness.score01": {
      "mean": 0.8840280967950824,
      "p90": 0.909521359205246,
      "count": 200
    },
    "tiny.faithfulness.attr.vector.scm.knowledge.score01": {
      "mean": 0.933352324545383,
      "p90": 0.9483100593090058,
      "count": 200
    },
    "tiny.faithfulness.attr.vector.scm.length_norm01": {
      "mean": 0.0,
      "p90": 0.0,
      "count": 200
    },
    "tiny.faithfulness.attr.vector.scm.ood_hat01": {
      "mean": 0.0,
      "p90": 0.0,
      "count": 200
    },
    "tiny.faithfulness.attr.vector.scm.reasoning.score01": {
      "mean": 0.9502449786514046,
      "p90": 0.9560987293720247,
      "count": 200
    },
    "tiny.faithfulness.attr.vector.scm.temp01": {
      "mean": 0.9999853783845901,
      "p90": 0.9999996423721313,
      "count": 200
    },
    "tiny.faithfulness.attr.vector.scm.uncertainty01": {
      "mean": 0.006805228888988495,
      "p90": 0.006692826747894287,
      "count": 200
    },
    "tiny.faithfulness.attr.vector.tiny.certainty01": {
      "mean": 0.9931947711110115,
      "p90": 0.9933071732521057,
      "count": 200
    },
    "tiny.faithfulness.attr.vector.tiny.clarity": {
      "mean": 0.9205974995414691,
      "p90": 0.9951622042106465,
      "count": 200
    },
    "tiny.faithfulness.attr.vector.tiny.clarity.score01": {
      "mean": 0.9205974995414691,
      "p90": 0.9951622042106465,
      "count": 200
    },
    "tiny.faithfulness.attr.vector.tiny.clarity.score100": {
      "mean": 92.05974949999994,
      "p90": 99.5162,
      "count": 200
    },
    "tiny.faithfulness.attr.vector.tiny.coverage": {
      "mean": 0.692418533444404,
      "p90": 0.6996666193008423,
      "count": 200
    },
    "tiny.faithfulness.attr.vector.tiny.coverage.score01": {
      "mean": 0.692418533444404,
      "p90": 0.6996666193008423,
      "count": 200
    },
    "tiny.faithfulness.attr.vector.tiny.coverage.score100": {
      "mean": 69.24185599999997,
      "p90": 69.9667,
      "count": 200
    },
    "tiny.faithfulness.attr.vector.tiny.entropy_mean": {
      "mean": 0.25889404997229576,
      "p90": 0.6180804967880249,
      "count": 200
    },
    "tiny.faithfulness.attr.vector.tiny.faithfulness": {
      "mean": 0.8840280967950824,
      "p90": 0.909521359205246,
      "count": 200
    },
    "tiny.faithfulness.attr.vector.tiny.faithfulness.score01": {
      "mean": 0.8840280967950824,
      "p90": 0.909521359205246,
      "count": 200
    },
    "tiny.faithfulness.attr.vector.tiny.faithfulness.score100": {
      "mean": 88.40280799999995,
      "p90": 90.9521,
      "count": 200
    },
    "tiny.faithfulness.attr.vector.tiny.halt_prob": {
      "mean": 0.9992456418275834,
      "p90": 0.9996057152748108,
      "count": 200
    },
    "tiny.faithfulness.attr.vector.tiny.knowledge": {
      "mean": 0.933352324545383,
      "p90": 0.9483100593090058,
      "count": 200
    },
    "tiny.faithfulness.attr.vector.tiny.knowledge.score01": {
      "mean": 0.933352324545383,
      "p90": 0.9483100593090058,
      "count": 200
    },
    "tiny.faithfulness.attr.vector.tiny.knowledge.score100": {
      "mean": 93.33523100000008,
      "p90": 94.831,
      "count": 200
    },
    "tiny.faithfulness.attr.vector.tiny.reasoning": {
      "mean": 0.9502449786514046,
      "p90": 0.9560987293720247,
      "count": 200
    },
    "tiny.faithfulness.attr.vector.tiny.reasoning.score01": {
      "mean": 0.9502449786514046,
      "p90": 0.9560987293720247,
      "count": 200
    },
    "tiny.faithfulness.attr.vector.tiny.reasoning.score100": {
      "mean": 95.02449949999999,
      "p90": 95.6099,
      "count": 200
    },
    "tiny.faithfulness.attr.vector.tiny.score01": {
      "mean": 0.5159313282743097,
      "p90": 0.7663962244987488,
      "count": 200
    },
    "tiny.faithfulness.attr.vector.tiny.score100": {
      "mean": 51.593131000000014,
      "p90": 76.6396,
      "count": 200
    },
    "tiny.faithfulness.score": {
      "mean": 0.5159313282743097,
      "p90": 0.7663962244987488,
      "count": 200
    }
  },
  "provenance": {
    "knn_k_effective": 12,
    "edge_threshold_effective": 0.35,
    "knn_k_cfg": 12,
    "edge_threshold_cfg": 0.35
  }
}